iso3,iso2,status,rows,start,end,failures,file,note
ABW,AW,NO_COVERAGE,0,2025-09-29T00:00:00Z,2026-03-24T00:00:00Z,0,E:\Webscraping\cloudflare_radar_vulnerabilite\scripts\outputs_regions_world\data\ABW.csv,no_recent_data_30d
AFG,AF,NO_COVERAGE,0,2025-09-29T00:00:00Z,2026-03-24T00:00:00Z,0,E:\Webscraping\cloudflare_radar_vulnerabilite\scripts\outputs_regions_world\data\AFG.csv,no_recent_data_30d
AGO,AO,NO_COVERAGE,0,2025-09-29T00:00:00Z,2026-03-24T00:00:00Z,0,E:\Webscraping\cloudflare_radar_vulnerabilite\scripts\outputs_regions_world\data\AGO.csv,no_recent_data_30d
AIA,AI,NO_COVERAGE,0,2025-09-29T00:00:00Z,2026-03-24T00:00:00Z,0,E:\Webscraping\cloudflare_radar_vulnerabilite\scripts\outputs_regions_world\data\AIA.csv,no_recent_data_30d
ALA,AX,NO_COVERAGE,0,2025-09-29T00:00:00Z,2026-03-24T00:00:00Z,0,E:\Webscraping\cloudflare_radar_vulnerabilite\scripts\outputs_regions_world\data\ALA.csv,no_recent_data_30d
ALB,AL,NO_COVERAGE,0,2025-09-29T00:00:00Z,2026-03-24T00:00:00Z,0,E:\Webscraping\cloudflare_radar_vulnerabilite\scripts\outputs_regions_world\data\ALB.csv,no_recent_data_30d
AND,AD,NO_COVERAGE,0,2025-09-29T00:00:00Z,2026-03-24T00:00:00Z,0,E:\Webscraping\cloudflare_radar_vulnerabilite\scripts\outputs_regions_world\data\AND.csv,no_recent_data_30d
ARE,AE,NO_COVERAGE,0,2025-09-29T00:00:00Z,2026-03-24T00:00:00Z,0,E:\Webscraping\cloudflare_radar_vulnerabilite\scripts\outputs_regions_world\data\ARE.csv,no_recent_data_30d
ARG,AR,NO_COVERAGE,0,2025-09-29T00:00:00Z,2026-03-24T00:00:00Z,0,E:\Webscraping\cloudflare_radar_vulnerabilite\scripts\outputs_regions_world\data\ARG.csv,no_recent_data_30d
ARM,AM,NO_COVERAGE,0,2025-09-29T00:00:00Z,2026-03-24T00:00:00Z,0,E:\Webscraping\cloudflare_radar_vulnerabilite\scripts\outputs_regions_world\data\ARM.csv,no_recent_data_30d
ASM,AS,NO_COVERAGE,0,2025-09-29T00:00:00Z,2026-03-24T00:00:00Z,0,E:\Webscraping\cloudflare_radar_vulnerabilite\scripts\outputs_regions_world\data\ASM.csv,no_recent_data_30d
ATA,AQ,NO_COVERAGE,0,2025-09-29T00:00:00Z,2026-03-24T00:00:00Z,0,E:\Webscraping\cloudflare_radar_vulnerabilite\scripts\outputs_regions_world\data\ATA.csv,no_recent_data_30d
ATF,TF,NO_COVERAGE,0,2025-09-29T00:00:00Z,2026-03-24T00:00:00Z,0,E:\Webscraping\cloudflare_radar_vulnerabilite\scripts\outputs_regions_world\data\ATF.csv,no_recent_data_30d
ATG,AG,NO_COVERAGE,0,2025-09-29T00:00:00Z,2026-03-24T00:00:00Z,0,E:\Webscraping\cloudflare_radar_vulnerabilite\scripts\outputs_regions_world\data\ATG.csv,no_recent_data_30d
AUS,AU,NO_COVERAGE,0,2025-09-29T00:00:00Z,2026-03-24T00:00:00Z,0,E:\Webscraping\cloudflare_radar_vulnerabilite\scripts\outputs_regions_world\data\AUS.csv,no_recent_data_30d
AUT,AT,NO_COVERAGE,0,2025-09-29T00:00:00Z,2026-03-24T00:00:00Z,0,E:\Webscraping\cloudflare_radar_vulnerabilite\scripts\outputs_regions_world\data\AUT.csv,no_recent_data_30d
AZE,AZ,NO_COVERAGE,0,2025-09-29T00:00:00Z,2026-03-24T00:00:00Z,0,E:\Webscraping\cloudflare_radar_vulnerabilite\scripts\outputs_regions_world\data\AZE.csv,no_recent_data_30d
BDI,BI,NO_COVERAGE,0,2025-09-29T00:00:00Z,2026-03-24T00:00:00Z,0,E:\Webscraping\cloudflare_radar_vulnerabilite\scripts\outputs_regions_world\data\BDI.csv,no_recent_data_30d
BEL,BE,NO_COVERAGE,0,2025-09-29T00:00:00Z,2026-03-24T00:00:00Z,0,E:\Webscraping\cloudflare_radar_vulnerabilite\scripts\outputs_regions_world\data\BEL.csv,no_recent_data_30d
BEN,BJ,NO_COVERAGE,0,2025-09-29T00:00:00Z,2026-03-24T00:00:00Z,0,E:\Webscraping\cloudflare_radar_vulnerabilite\scripts\outputs_regions_world\data\BEN.csv,no_recent_data_30d
BES,BQ,NO_COVERAGE,0,2025-09-29T00:00:00Z,2026-03-24T00:00:00Z,0,E:\Webscraping\cloudflare_radar_vulnerabilite\scripts\outputs_regions_world\data\BES.csv,no_recent_data_30d
BFA,BF,NO_COVERAGE,0,2025-09-29T00:00:00Z,2026-03-24T00:00:00Z,0,E:\Webscraping\cloudflare_radar_vulnerabilite\scripts\outputs_regions_world\data\BFA.csv,no_recent_data_30d
BGD,BD,NO_COVERAGE,0,2025-09-29T00:00:00Z,2026-03-24T00:00:00Z,0,E:\Webscraping\cloudflare_radar_vulnerabilite\scripts\outputs_regions_world\data\BGD.csv,no_recent_data_30d
BGR,BG,NO_COVERAGE,0,2025-09-29T00:00:00Z,2026-03-24T00:00:00Z,0,E:\Webscraping\cloudflare_radar_vulnerabilite\scripts\outputs_regions_world\data\BGR.csv,no_recent_data_30d
BHR,BH,NO_COVERAGE,0,2025-09-29T00:00:00Z,2026-03-24T00:00:00Z,0,E:\Webscraping\cloudflare_radar_vulnerabilite\scripts\outputs_regions_world\data\BHR.csv,no_recent_data_30d
BHS,BS,NO_COVERAGE,0,2025-09-29T00:00:00Z,2026-03-24T00:00:00Z,0,E:\Webscraping\cloudflare_radar_vulnerabilite\scripts\outputs_regions_world\data\BHS.csv,no_recent_data_30d
BIH,BA,NO_COVERAGE,0,2025-09-29T00:00:00Z,2026-03-24T00:00:00Z,0,E:\Webscraping\cloudflare_radar_vulnerabilite\scripts\outputs_regions_world\data\BIH.csv,no_recent_data_30d
BLM,BL,NO_COVERAGE,0,2025-09-29T00:00:00Z,2026-03-24T00:00:00Z,0,E:\Webscraping\cloudflare_radar_vulnerabilite\scripts\outputs_regions_world\data\BLM.csv,no_recent_data_30d
BLR,BY,NO_COVERAGE,0,2025-09-29T00:00:00Z,2026-03-24T00:00:00Z,0,E:\Webscraping\cloudflare_radar_vulnerabilite\scripts\outputs_regions_world\data\BLR.csv,no_recent_data_30d
BLZ,BZ,NO_COVERAGE,0,2025-09-29T00:00:00Z,2026-03-24T00:00:00Z,0,E:\Webscraping\cloudflare_radar_vulnerabilite\scripts\outputs_regions_world\data\BLZ.csv,no_recent_data_30d
BMU,BM,NO_COVERAGE,0,2025-09-29T00:00:00Z,2026-03-24T00:00:00Z,0,E:\Webscraping\cloudflare_radar_vulnerabilite\scripts\outputs_regions_world\data\BMU.csv,no_recent_data_30d
BOL,BO,NO_COVERAGE,0,2025-09-29T00:00:00Z,2026-03-24T00:00:00Z,0,E:\Webscraping\cloudflare_radar_vulnerabilite\scripts\outputs_regions_world\data\BOL.csv,no_recent_data_30d
BRA,BR,NO_COVERAGE,0,2025-09-29T00:00:00Z,2026-03-24T00:00:00Z,0,E:\Webscraping\cloudflare_radar_vulnerabilite\scripts\outputs_regions_world\data\BRA.csv,no_recent_data_30d
BRB,BB,NO_COVERAGE,0,2025-09-29T00:00:00Z,2026-03-24T00:00:00Z,0,E:\Webscraping\cloudflare_radar_vulnerabilite\scripts\outputs_regions_world\data\BRB.csv,no_recent_data_30d
BRN,BN,NO_COVERAGE,0,2025-09-29T00:00:00Z,2026-03-24T00:00:00Z,0,E:\Webscraping\cloudflare_radar_vulnerabilite\scripts\outputs_regions_world\data\BRN.csv,no_recent_data_30d
BTN,BT,NO_COVERAGE,0,2025-09-29T00:00:00Z,2026-03-24T00:00:00Z,0,E:\Webscraping\cloudflare_radar_vulnerabilite\scripts\outputs_regions_world\data\BTN.csv,no_recent_data_30d
BVT,BV,NO_COVERAGE,0,2025-09-29T00:00:00Z,2026-03-24T00:00:00Z,0,E:\Webscraping\cloudflare_radar_vulnerabilite\scripts\outputs_regions_world\data\BVT.csv,no_recent_data_30d
BWA,BW,NO_COVERAGE,0,2025-09-29T00:00:00Z,2026-03-24T00:00:00Z,0,E:\Webscraping\cloudflare_radar_vulnerabilite\scripts\outputs_regions_world\data\BWA.csv,no_recent_data_30d
CAF,CF,NO_COVERAGE,0,2025-09-29T00:00:00Z,2026-03-24T00:00:00Z,0,E:\Webscraping\cloudflare_radar_vulnerabilite\scripts\outputs_regions_world\data\CAF.csv,no_recent_data_30d
CAN,CA,NO_COVERAGE,0,2025-09-29T00:00:00Z,2026-03-24T00:00:00Z,0,E:\Webscraping\cloudflare_radar_vulnerabilite\scripts\outputs_regions_world\data\CAN.csv,no_recent_data_30d
CCK,CC,NO_COVERAGE,0,2025-09-29T00:00:00Z,2026-03-24T00:00:00Z,0,E:\Webscraping\cloudflare_radar_vulnerabilite\scripts\outputs_regions_world\data\CCK.csv,no_recent_data_30d
CHE,CH,NO_COVERAGE,0,2025-09-29T00:00:00Z,2026-03-24T00:00:00Z,0,E:\Webscraping\cloudflare_radar_vulnerabilite\scripts\outputs_regions_world\data\CHE.csv,no_recent_data_30d
CHL,CL,NO_COVERAGE,0,2025-09-29T00:00:00Z,2026-03-24T00:00:00Z,0,E:\Webscraping\cloudflare_radar_vulnerabilite\scripts\outputs_regions_world\data\CHL.csv,no_recent_data_30d
CHN,CN,NO_COVERAGE,0,2025-09-29T00:00:00Z,2026-03-24T00:00:00Z,0,E:\Webscraping\cloudflare_radar_vulnerabilite\scripts\outputs_regions_world\data\CHN.csv,no_recent_data_30d
CIV,CI,NO_COVERAGE,0,2025-09-29T00:00:00Z,2026-03-24T00:00:00Z,0,E:\Webscraping\cloudflare_radar_vulnerabilite\scripts\outputs_regions_world\data\CIV.csv,no_recent_data_30d
CMR,CM,NO_COVERAGE,0,2025-09-29T00:00:00Z,2026-03-24T00:00:00Z,0,E:\Webscraping\cloudflare_radar_vulnerabilite\scripts\outputs_regions_world\data\CMR.csv,no_recent_data_30d
COD,CD,NO_COVERAGE,0,2025-09-29T00:00:00Z,2026-03-24T00:00:00Z,0,E:\Webscraping\cloudflare_radar_vulnerabilite\scripts\outputs_regions_world\data\COD.csv,no_recent_data_30d
COG,CG,NO_COVERAGE,0,2025-09-29T00:00:00Z,2026-03-24T00:00:00Z,0,E:\Webscraping\cloudflare_radar_vulnerabilite\scripts\outputs_regions_world\data\COG.csv,no_recent_data_30d
COK,CK,NO_COVERAGE,0,2025-09-29T00:00:00Z,2026-03-24T00:00:00Z,0,E:\Webscraping\cloudflare_radar_vulnerabilite\scripts\outputs_regions_world\data\COK.csv,no_recent_data_30d
COL,CO,NO_COVERAGE,0,2025-09-29T00:00:00Z,2026-03-24T00:00:00Z,0,E:\Webscraping\cloudflare_radar_vulnerabilite\scripts\outputs_regions_world\data\COL.csv,no_recent_data_30d
COM,KM,NO_COVERAGE,0,2025-09-29T00:00:00Z,2026-03-24T00:00:00Z,0,E:\Webscraping\cloudflare_radar_vulnerabilite\scripts\outputs_regions_world\data\COM.csv,no_recent_data_30d
CPV,CV,NO_COVERAGE,0,2025-09-29T00:00:00Z,2026-03-24T00:00:00Z,0,E:\Webscraping\cloudflare_radar_vulnerabilite\scripts\outputs_regions_world\data\CPV.csv,no_recent_data_30d
CRI,CR,NO_COVERAGE,0,2025-09-29T00:00:00Z,2026-03-24T00:00:00Z,0,E:\Webscraping\cloudflare_radar_vulnerabilite\scripts\outputs_regions_world\data\CRI.csv,no_recent_data_30d
CUB,CU,NO_COVERAGE,0,2025-09-29T00:00:00Z,2026-03-24T00:00:00Z,0,E:\Webscraping\cloudflare_radar_vulnerabilite\scripts\outputs_regions_world\data\CUB.csv,no_recent_data_30d
CUW,CW,NO_COVERAGE,0,2025-09-29T00:00:00Z,2026-03-24T00:00:00Z,0,E:\Webscraping\cloudflare_radar_vulnerabilite\scripts\outputs_regions_world\data\CUW.csv,no_recent_data_30d
CXR,CX,NO_COVERAGE,0,2025-09-29T00:00:00Z,2026-03-24T00:00:00Z,0,E:\Webscraping\cloudflare_radar_vulnerabilite\scripts\outputs_regions_world\data\CXR.csv,no_recent_data_30d
CYM,KY,NO_COVERAGE,0,2025-09-29T00:00:00Z,2026-03-24T00:00:00Z,0,E:\Webscraping\cloudflare_radar_vulnerabilite\scripts\outputs_regions_world\data\CYM.csv,no_recent_data_30d
CYP,CY,NO_COVERAGE,0,2025-09-29T00:00:00Z,2026-03-24T00:00:00Z,0,E:\Webscraping\cloudflare_radar_vulnerabilite\scripts\outputs_regions_world\data\CYP.csv,no_recent_data_30d
CZE,CZ,NO_COVERAGE,0,2025-09-29T00:00:00Z,2026-03-24T00:00:00Z,0,E:\Webscraping\cloudflare_radar_vulnerabilite\scripts\outputs_regions_world\data\CZE.csv,no_recent_data_30d
DEU,DE,NO_COVERAGE,0,2025-09-29T00:00:00Z,2026-03-24T00:00:00Z,0,E:\Webscraping\cloudflare_radar_vulnerabilite\scripts\outputs_regions_world\data\DEU.csv,no_recent_data_30d
DJI,DJ,NO_COVERAGE,0,2025-09-29T00:00:00Z,2026-03-24T00:00:00Z,0,E:\Webscraping\cloudflare_radar_vulnerabilite\scripts\outputs_regions_world\data\DJI.csv,no_recent_data_30d
DMA,DM,NO_COVERAGE,0,2025-09-29T00:00:00Z,2026-03-24T00:00:00Z,0,E:\Webscraping\cloudflare_radar_vulnerabilite\scripts\outputs_regions_world\data\DMA.csv,no_recent_data_30d
DNK,DK,NO_COVERAGE,0,2025-09-29T00:00:00Z,2026-03-24T00:00:00Z,0,E:\Webscraping\cloudflare_radar_vulnerabilite\scripts\outputs_regions_world\data\DNK.csv,no_recent_data_30d
DOM,DO,NO_COVERAGE,0,2025-09-29T00:00:00Z,2026-03-24T00:00:00Z,0,E:\Webscraping\cloudflare_radar_vulnerabilite\scripts\outputs_regions_world\data\DOM.csv,no_recent_data_30d
DZA,DZ,NO_COVERAGE,0,2025-09-29T00:00:00Z,2026-03-24T00:00:00Z,0,E:\Webscraping\cloudflare_radar_vulnerabilite\scripts\outputs_regions_world\data\DZA.csv,no_recent_data_30d
ECU,EC,NO_COVERAGE,0,2025-09-29T00:00:00Z,2026-03-24T00:00:00Z,0,E:\Webscraping\cloudflare_radar_vulnerabilite\scripts\outputs_regions_world\data\ECU.csv,no_recent_data_30d
EGY,EG,NO_COVERAGE,0,2025-09-29T00:00:00Z,2026-03-24T00:00:00Z,0,E:\Webscraping\cloudflare_radar_vulnerabilite\scripts\outputs_regions_world\data\EGY.csv,no_recent_data_30d
ERI,ER,NO_COVERAGE,0,2025-09-29T00:00:00Z,2026-03-24T00:00:00Z,0,E:\Webscraping\cloudflare_radar_vulnerabilite\scripts\outputs_regions_world\data\ERI.csv,no_recent_data_30d
ESH,EH,NO_COVERAGE,0,2025-09-29T00:00:00Z,2026-03-24T00:00:00Z,0,E:\Webscraping\cloudflare_radar_vulnerabilite\scripts\outputs_regions_world\data\ESH.csv,no_recent_data_30d
ESP,ES,NO_COVERAGE,0,2025-09-29T00:00:00Z,2026-03-24T00:00:00Z,0,E:\Webscraping\cloudflare_radar_vulnerabilite\scripts\outputs_regions_world\data\ESP.csv,no_recent_data_30d
EST,EE,NO_COVERAGE,0,2025-09-29T00:00:00Z,2026-03-24T00:00:00Z,0,E:\Webscraping\cloudflare_radar_vulnerabilite\scripts\outputs_regions_world\data\EST.csv,no_recent_data_30d
ETH,ET,NO_COVERAGE,0,2025-09-29T00:00:00Z,2026-03-24T00:00:00Z,0,E:\Webscraping\cloudflare_radar_vulnerabilite\scripts\outputs_regions_world\data\ETH.csv,no_recent_data_30d
FIN,FI,NO_COVERAGE,0,2025-09-29T00:00:00Z,2026-03-24T00:00:00Z,0,E:\Webscraping\cloudflare_radar_vulnerabilite\scripts\outputs_regions_world\data\FIN.csv,no_recent_data_30d
FJI,FJ,NO_COVERAGE,0,2025-09-29T00:00:00Z,2026-03-24T00:00:00Z,0,E:\Webscraping\cloudflare_radar_vulnerabilite\scripts\outputs_regions_world\data\FJI.csv,no_recent_data_30d
FLK,FK,NO_COVERAGE,0,2025-09-29T00:00:00Z,2026-03-24T00:00:00Z,0,E:\Webscraping\cloudflare_radar_vulnerabilite\scripts\outputs_regions_world\data\FLK.csv,no_recent_data_30d
FRA,FR,NO_COVERAGE,0,2025-09-29T00:00:00Z,2026-03-24T00:00:00Z,0,E:\Webscraping\cloudflare_radar_vulnerabilite\scripts\outputs_regions_world\data\FRA.csv,no_recent_data_30d
FRO,FO,NO_COVERAGE,0,2025-09-29T00:00:00Z,2026-03-24T00:00:00Z,0,E:\Webscraping\cloudflare_radar_vulnerabilite\scripts\outputs_regions_world\data\FRO.csv,no_recent_data_30d
FSM,FM,NO_COVERAGE,0,2025-09-29T00:00:00Z,2026-03-24T00:00:00Z,0,E:\Webscraping\cloudflare_radar_vulnerabilite\scripts\outputs_regions_world\data\FSM.csv,no_recent_data_30d
GAB,GA,NO_COVERAGE,0,2025-09-29T00:00:00Z,2026-03-24T00:00:00Z,0,E:\Webscraping\cloudflare_radar_vulnerabilite\scripts\outputs_regions_world\data\GAB.csv,no_recent_data_30d
GBR,GB,NO_COVERAGE,0,2025-09-29T00:00:00Z,2026-03-24T00:00:00Z,0,E:\Webscraping\cloudflare_radar_vulnerabilite\scripts\outputs_regions_world\data\GBR.csv,no_recent_data_30d
GEO,GE,NO_COVERAGE,0,2025-09-29T00:00:00Z,2026-03-24T00:00:00Z,0,E:\Webscraping\cloudflare_radar_vulnerabilite\scripts\outputs_regions_world\data\GEO.csv,no_recent_data_30d
GGY,GG,NO_COVERAGE,0,2025-09-29T00:00:00Z,2026-03-24T00:00:00Z,0,E:\Webscraping\cloudflare_radar_vulnerabilite\scripts\outputs_regions_world\data\GGY.csv,no_recent_data_30d
GHA,GH,NO_COVERAGE,0,2025-09-29T00:00:00Z,2026-03-24T00:00:00Z,0,E:\Webscraping\cloudflare_radar_vulnerabilite\scripts\outputs_regions_world\data\GHA.csv,no_recent_data_30d
GIB,GI,NO_COVERAGE,0,2025-09-29T00:00:00Z,2026-03-24T00:00:00Z,0,E:\Webscraping\cloudflare_radar_vulnerabilite\scripts\outputs_regions_world\data\GIB.csv,no_recent_data_30d
GIN,GN,NO_COVERAGE,0,2025-09-29T00:00:00Z,2026-03-24T00:00:00Z,0,E:\Webscraping\cloudflare_radar_vulnerabilite\scripts\outputs_regions_world\data\GIN.csv,no_recent_data_30d
GLP,GP,NO_COVERAGE,0,2025-09-29T00:00:00Z,2026-03-24T00:00:00Z,0,E:\Webscraping\cloudflare_radar_vulnerabilite\scripts\outputs_regions_world\data\GLP.csv,no_recent_data_30d
GMB,GM,NO_COVERAGE,0,2025-09-29T00:00:00Z,2026-03-24T00:00:00Z,0,E:\Webscraping\cloudflare_radar_vulnerabilite\scripts\outputs_regions_world\data\GMB.csv,no_recent_data_30d
GNB,GW,NO_COVERAGE,0,2025-09-29T00:00:00Z,2026-03-24T00:00:00Z,0,E:\Webscraping\cloudflare_radar_vulnerabilite\scripts\outputs_regions_world\data\GNB.csv,no_recent_data_30d
GNQ,GQ,NO_COVERAGE,0,2025-09-29T00:00:00Z,2026-03-24T00:00:00Z,0,E:\Webscraping\cloudflare_radar_vulnerabilite\scripts\outputs_regions_world\data\GNQ.csv,no_recent_data_30d
GRC,GR,NO_COVERAGE,0,2025-09-29T00:00:00Z,2026-03-24T00:00:00Z,0,E:\Webscraping\cloudflare_radar_vulnerabilite\scripts\outputs_regions_world\data\GRC.csv,no_recent_data_30d
GRD,GD,NO_COVERAGE,0,2025-09-29T00:00:00Z,2026-03-24T00:00:00Z,0,E:\Webscraping\cloudflare_radar_vulnerabilite\scripts\outputs_regions_world\data\GRD.csv,no_recent_data_30d
GRL,GL,NO_COVERAGE,0,2025-09-29T00:00:00Z,2026-03-24T00:00:00Z,0,E:\Webscraping\cloudflare_radar_vulnerabilite\scripts\outputs_regions_world\data\GRL.csv,no_recent_data_30d
GTM,GT,NO_COVERAGE,0,2025-09-29T00:00:00Z,2026-03-24T00:00:00Z,0,E:\Webscraping\cloudflare_radar_vulnerabilite\scripts\outputs_regions_world\data\GTM.csv,no_recent_data_30d
GUF,GF,NO_COVERAGE,0,2025-09-29T00:00:00Z,2026-03-24T00:00:00Z,0,E:\Webscraping\cloudflare_radar_vulnerabilite\scripts\outputs_regions_world\data\GUF.csv,no_recent_data_30d
GUM,GU,NO_COVERAGE,0,2025-09-29T00:00:00Z,2026-03-24T00:00:00Z,0,E:\Webscraping\cloudflare_radar_vulnerabilite\scripts\outputs_regions_world\data\GUM.csv,no_recent_data_30d
GUY,GY,NO_COVERAGE,0,2025-09-29T00:00:00Z,2026-03-24T00:00:00Z,0,E:\Webscraping\cloudflare_radar_vulnerabilite\scripts\outputs_regions_world\data\GUY.csv,no_recent_data_30d
HKG,HK,NO_COVERAGE,0,2025-09-29T00:00:00Z,2026-03-24T00:00:00Z,0,E:\Webscraping\cloudflare_radar_vulnerabilite\scripts\outputs_regions_world\data\HKG.csv,no_recent_data_30d
HMD,HM,NO_COVERAGE,0,2025-09-29T00:00:00Z,2026-03-24T00:00:00Z,0,E:\Webscraping\cloudflare_radar_vulnerabilite\scripts\outputs_regions_world\data\HMD.csv,no_recent_data_30d
HND,HN,NO_COVERAGE,0,2025-09-29T00:00:00Z,2026-03-24T00:00:00Z,0,E:\Webscraping\cloudflare_radar_vulnerabilite\scripts\outputs_regions_world\data\HND.csv,no_recent_data_30d
HRV,HR,NO_COVERAGE,0,2025-09-29T00:00:00Z,2026-03-24T00:00:00Z,0,E:\Webscraping\cloudflare_radar_vulnerabilite\scripts\outputs_regions_world\data\HRV.csv,no_recent_data_30d
HTI,HT,NO_COVERAGE,0,2025-09-29T00:00:00Z,2026-03-24T00:00:00Z,0,E:\Webscraping\cloudflare_radar_vulnerabilite\scripts\outputs_regions_world\data\HTI.csv,no_recent_data_30d
HUN,HU,NO_COVERAGE,0,2025-09-29T00:00:00Z,2026-03-24T00:00:00Z,0,E:\Webscraping\cloudflare_radar_vulnerabilite\scripts\outputs_regions_world\data\HUN.csv,no_recent_data_30d
IDN,ID,NO_COVERAGE,0,2025-09-29T00:00:00Z,2026-03-24T00:00:00Z,0,E:\Webscraping\cloudflare_radar_vulnerabilite\scripts\outputs_regions_world\data\IDN.csv,no_recent_data_30d
IMN,IM,NO_COVERAGE,0,2025-09-29T00:00:00Z,2026-03-24T00:00:00Z,0,E:\Webscraping\cloudflare_radar_vulnerabilite\scripts\outputs_regions_world\data\IMN.csv,no_recent_data_30d
IND,IN,NO_COVERAGE,0,2025-09-29T00:00:00Z,2026-03-24T00:00:00Z,0,E:\Webscraping\cloudflare_radar_vulnerabilite\scripts\outputs_regions_world\data\IND.csv,no_recent_data_30d
IOT,IO,NO_COVERAGE,0,2025-09-29T00:00:00Z,2026-03-24T00:00:00Z,0,E:\Webscraping\cloudflare_radar_vulnerabilite\scripts\outputs_regions_world\data\IOT.csv,no_recent_data_30d
IRL,IE,NO_COVERAGE,0,2025-09-29T00:00:00Z,2026-03-24T00:00:00Z,0,E:\Webscraping\cloudflare_radar_vulnerabilite\scripts\outputs_regions_world\data\IRL.csv,no_recent_data_30d
IRN,IR,NO_COVERAGE,0,2025-09-29T00:00:00Z,2026-03-24T00:00:00Z,0,E:\Webscraping\cloudflare_radar_vulnerabilite\scripts\outputs_regions_world\data\IRN.csv,no_recent_data_30d
IRQ,IQ,NO_COVERAGE,0,2025-09-29T00:00:00Z,2026-03-24T00:00:00Z,0,E:\Webscraping\cloudflare_radar_vulnerabilite\scripts\outputs_regions_world\data\IRQ.csv,no_recent_data_30d
ISL,IS,NO_COVERAGE,0,2025-09-29T00:00:00Z,2026-03-24T00:00:00Z,0,E:\Webscraping\cloudflare_radar_vulnerabilite\scripts\outputs_regions_world\data\ISL.csv,no_recent_data_30d
ISR,IL,NO_COVERAGE,0,2025-09-29T00:00:00Z,2026-03-24T00:00:00Z,0,E:\Webscraping\cloudflare_radar_vulnerabilite\scripts\outputs_regions_world\data\ISR.csv,no_recent_data_30d
ITA,IT,NO_COVERAGE,0,2025-09-29T00:00:00Z,2026-03-24T00:00:00Z,0,E:\Webscraping\cloudflare_radar_vulnerabilite\scripts\outputs_regions_world\data\ITA.csv,no_recent_data_30d
JAM,JM,NO_COVERAGE,0,2025-09-29T00:00:00Z,2026-03-24T00:00:00Z,0,E:\Webscraping\cloudflare_radar_vulnerabilite\scripts\outputs_regions_world\data\JAM.csv,no_recent_data_30d
JEY,JE,NO_COVERAGE,0,2025-09-29T00:00:00Z,2026-03-24T00:00:00Z,0,E:\Webscraping\cloudflare_radar_vulnerabilite\scripts\outputs_regions_world\data\JEY.csv,no_recent_data_30d
JOR,JO,NO_COVERAGE,0,2025-09-29T00:00:00Z,2026-03-24T00:00:00Z,0,E:\Webscraping\cloudflare_radar_vulnerabilite\scripts\outputs_regions_world\data\JOR.csv,no_recent_data_30d
JPN,JP,NO_COVERAGE,0,2025-09-29T00:00:00Z,2026-03-24T00:00:00Z,0,E:\Webscraping\cloudflare_radar_vulnerabilite\scripts\outputs_regions_world\data\JPN.csv,no_recent_data_30d
KAZ,KZ,NO_COVERAGE,0,2025-09-29T00:00:00Z,2026-03-24T00:00:00Z,0,E:\Webscraping\cloudflare_radar_vulnerabilite\scripts\outputs_regions_world\data\KAZ.csv,no_recent_data_30d
KEN,KE,NO_COVERAGE,0,2025-09-29T00:00:00Z,2026-03-24T00:00:00Z,0,E:\Webscraping\cloudflare_radar_vulnerabilite\scripts\outputs_regions_world\data\KEN.csv,no_recent_data_30d
KGZ,KG,NO_COVERAGE,0,2025-09-29T00:00:00Z,2026-03-24T00:00:00Z,0,E:\Webscraping\cloudflare_radar_vulnerabilite\scripts\outputs_regions_world\data\KGZ.csv,no_recent_data_30d
KHM,KH,NO_COVERAGE,0,2025-09-29T00:00:00Z,2026-03-24T00:00:00Z,0,E:\Webscraping\cloudflare_radar_vulnerabilite\scripts\outputs_regions_world\data\KHM.csv,no_recent_data_30d
KIR,KI,NO_COVERAGE,0,2025-09-29T00:00:00Z,2026-03-24T00:00:00Z,0,E:\Webscraping\cloudflare_radar_vulnerabilite\scripts\outputs_regions_world\data\KIR.csv,no_recent_data_30d
KNA,KN,NO_COVERAGE,0,2025-09-29T00:00:00Z,2026-03-24T00:00:00Z,0,E:\Webscraping\cloudflare_radar_vulnerabilite\scripts\outputs_regions_world\data\KNA.csv,no_recent_data_30d
KOR,KR,NO_COVERAGE,0,2025-09-29T00:00:00Z,2026-03-24T00:00:00Z,0,E:\Webscraping\cloudflare_radar_vulnerabilite\scripts\outputs_regions_world\data\KOR.csv,no_recent_data_30d
KWT,KW,NO_COVERAGE,0,2025-09-29T00:00:00Z,2026-03-24T00:00:00Z,0,E:\Webscraping\cloudflare_radar_vulnerabilite\scripts\outputs_regions_world\data\KWT.csv,no_recent_data_30d
LAO,LA,NO_COVERAGE,0,2025-09-29T00:00:00Z,2026-03-24T00:00:00Z,0,E:\Webscraping\cloudflare_radar_vulnerabilite\scripts\outputs_regions_world\data\LAO.csv,no_recent_data_30d
LBN,LB,NO_COVERAGE,0,2025-09-29T00:00:00Z,2026-03-24T00:00:00Z,0,E:\Webscraping\cloudflare_radar_vulnerabilite\scripts\outputs_regions_world\data\LBN.csv,no_recent_data_30d
LBR,LR,NO_COVERAGE,0,2025-09-29T00:00:00Z,2026-03-24T00:00:00Z,0,E:\Webscraping\cloudflare_radar_vulnerabilite\scripts\outputs_regions_world\data\LBR.csv,no_recent_data_30d
LBY,LY,NO_COVERAGE,0,2025-09-29T00:00:00Z,2026-03-24T00:00:00Z,0,E:\Webscraping\cloudflare_radar_vulnerabilite\scripts\outputs_regions_world\data\LBY.csv,no_recent_data_30d
LCA,LC,NO_COVERAGE,0,2025-09-29T00:00:00Z,2026-03-24T00:00:00Z,0,E:\Webscraping\cloudflare_radar_vulnerabilite\scripts\outputs_regions_world\data\LCA.csv,no_recent_data_30d
LIE,LI,NO_COVERAGE,0,2025-09-29T00:00:00Z,2026-03-24T00:00:00Z,0,E:\Webscraping\cloudflare_radar_vulnerabilite\scripts\outputs_regions_world\data\LIE.csv,no_recent_data_30d
LKA,LK,NO_COVERAGE,0,2025-09-29T00:00:00Z,2026-03-24T00:00:00Z,0,E:\Webscraping\cloudflare_radar_vulnerabilite\scripts\outputs_regions_world\data\LKA.csv,no_recent_data_30d
LSO,LS,NO_COVERAGE,0,2025-09-29T00:00:00Z,2026-03-24T00:00:00Z,0,E:\Webscraping\cloudflare_radar_vulnerabilite\scripts\outputs_regions_world\data\LSO.csv,no_recent_data_30d
LTU,LT,NO_COVERAGE,0,2025-09-29T00:00:00Z,2026-03-24T00:00:00Z,0,E:\Webscraping\cloudflare_radar_vulnerabilite\scripts\outputs_regions_world\data\LTU.csv,no_recent_data_30d
LUX,LU,NO_COVERAGE,0,2025-09-29T00:00:00Z,2026-03-24T00:00:00Z,0,E:\Webscraping\cloudflare_radar_vulnerabilite\scripts\outputs_regions_world\data\LUX.csv,no_recent_data_30d
LVA,LV,NO_COVERAGE,0,2025-09-29T00:00:00Z,2026-03-24T00:00:00Z,0,E:\Webscraping\cloudflare_radar_vulnerabilite\scripts\outputs_regions_world\data\LVA.csv,no_recent_data_30d
MAC,MO,NO_COVERAGE,0,2025-09-29T00:00:00Z,2026-03-24T00:00:00Z,0,E:\Webscraping\cloudflare_radar_vulnerabilite\scripts\outputs_regions_world\data\MAC.csv,no_recent_data_30d
MAF,MF,NO_COVERAGE,0,2025-09-29T00:00:00Z,2026-03-24T00:00:00Z,0,E:\Webscraping\cloudflare_radar_vulnerabilite\scripts\outputs_regions_world\data\MAF.csv,no_recent_data_30d
MAR,MA,NO_COVERAGE,0,2025-09-29T00:00:00Z,2026-03-24T00:00:00Z,0,E:\Webscraping\cloudflare_radar_vulnerabilite\scripts\outputs_regions_world\data\MAR.csv,no_recent_data_30d
MCO,MC,NO_COVERAGE,0,2025-09-29T00:00:00Z,2026-03-24T00:00:00Z,0,E:\Webscraping\cloudflare_radar_vulnerabilite\scripts\outputs_regions_world\data\MCO.csv,no_recent_data_30d
MDA,MD,NO_COVERAGE,0,2025-09-29T00:00:00Z,2026-03-24T00:00:00Z,0,E:\Webscraping\cloudflare_radar_vulnerabilite\scripts\outputs_regions_world\data\MDA.csv,no_recent_data_30d
MDG,MG,NO_COVERAGE,0,2025-09-29T00:00:00Z,2026-03-24T00:00:00Z,0,E:\Webscraping\cloudflare_radar_vulnerabilite\scripts\outputs_regions_world\data\MDG.csv,no_recent_data_30d
MDV,MV,NO_COVERAGE,0,2025-09-29T00:00:00Z,2026-03-24T00:00:00Z,0,E:\Webscraping\cloudflare_radar_vulnerabilite\scripts\outputs_regions_world\data\MDV.csv,no_recent_data_30d
MEX,MX,NO_COVERAGE,0,2025-09-29T00:00:00Z,2026-03-24T00:00:00Z,0,E:\Webscraping\cloudflare_radar_vulnerabilite\scripts\outputs_regions_world\data\MEX.csv,no_recent_data_30d
MHL,MH,NO_COVERAGE,0,2025-09-29T00:00:00Z,2026-03-24T00:00:00Z,0,E:\Webscraping\cloudflare_radar_vulnerabilite\scripts\outputs_regions_world\data\MHL.csv,no_recent_data_30d
MKD,MK,NO_COVERAGE,0,2025-09-29T00:00:00Z,2026-03-24T00:00:00Z,0,E:\Webscraping\cloudflare_radar_vulnerabilite\scripts\outputs_regions_world\data\MKD.csv,no_recent_data_30d
MLI,ML,NO_COVERAGE,0,2025-09-29T00:00:00Z,2026-03-24T00:00:00Z,0,E:\Webscraping\cloudflare_radar_vulnerabilite\scripts\outputs_regions_world\data\MLI.csv,no_recent_data_30d
MLT,MT,NO_COVERAGE,0,2025-09-29T00:00:00Z,2026-03-24T00:00:00Z,0,E:\Webscraping\cloudflare_radar_vulnerabilite\scripts\outputs_regions_world\data\MLT.csv,no_recent_data_30d
MMR,MM,NO_COVERAGE,0,2025-09-29T00:00:00Z,2026-03-24T00:00:00Z,0,E:\Webscraping\cloudflare_radar_vulnerabilite\scripts\outputs_regions_world\data\MMR.csv,no_recent_data_30d
MNE,ME,NO_COVERAGE,0,2025-09-29T00:00:00Z,2026-03-24T00:00:00Z,0,E:\Webscraping\cloudflare_radar_vulnerabilite\scripts\outputs_regions_world\data\MNE.csv,no_recent_data_30d
MNG,MN,NO_COVERAGE,0,2025-09-29T00:00:00Z,2026-03-24T00:00:00Z,0,E:\Webscraping\cloudflare_radar_vulnerabilite\scripts\outputs_regions_world\data\MNG.csv,no_recent_data_30d
MNP,MP,NO_COVERAGE,0,2025-09-29T00:00:00Z,2026-03-24T00:00:00Z,0,E:\Webscraping\cloudflare_radar_vulnerabilite\scripts\outputs_regions_world\data\MNP.csv,no_recent_data_30d
MOZ,MZ,NO_COVERAGE,0,2025-09-29T00:00:00Z,2026-03-24T00:00:00Z,0,E:\Webscraping\cloudflare_radar_vulnerabilite\scripts\outputs_regions_world\data\MOZ.csv,no_recent_data_30d
MRT,MR,NO_COVERAGE,0,2025-09-29T00:00:00Z,2026-03-24T00:00:00Z,0,E:\Webscraping\cloudflare_radar_vulnerabilite\scripts\outputs_regions_world\data\MRT.csv,no_recent_data_30d
MSR,MS,NO_COVERAGE,0,2025-09-29T00:00:00Z,2026-03-24T00:00:00Z,0,E:\Webscraping\cloudflare_radar_vulnerabilite\scripts\outputs_regions_world\data\MSR.csv,no_recent_data_30d
MTQ,MQ,NO_COVERAGE,0,2025-09-29T00:00:00Z,2026-03-24T00:00:00Z,0,E:\Webscraping\cloudflare_radar_vulnerabilite\scripts\outputs_regions_world\data\MTQ.csv,no_recent_data_30d
MUS,MU,NO_COVERAGE,0,2025-09-29T00:00:00Z,2026-03-24T00:00:00Z,0,E:\Webscraping\cloudflare_radar_vulnerabilite\scripts\outputs_regions_world\data\MUS.csv,no_recent_data_30d
MWI,MW,NO_COVERAGE,0,2025-09-29T00:00:00Z,2026-03-24T00:00:00Z,0,E:\Webscraping\cloudflare_radar_vulnerabilite\scripts\outputs_regions_world\data\MWI.csv,no_recent_data_30d
MYS,MY,NO_COVERAGE,0,2025-09-29T00:00:00Z,2026-03-24T00:00:00Z,0,E:\Webscraping\cloudflare_radar_vulnerabilite\scripts\outputs_regions_world\data\MYS.csv,no_recent_data_30d
MYT,YT,NO_COVERAGE,0,2025-09-29T00:00:00Z,2026-03-24T00:00:00Z,0,E:\Webscraping\cloudflare_radar_vulnerabilite\scripts\outputs_regions_world\data\MYT.csv,no_recent_data_30d
NAM,NA,NO_COVERAGE,0,2025-09-29T00:00:00Z,2026-03-24T00:00:00Z,0,E:\Webscraping\cloudflare_radar_vulnerabilite\scripts\outputs_regions_world\data\NAM.csv,no_recent_data_30d
NCL,NC,NO_COVERAGE,0,2025-09-29T00:00:00Z,2026-03-24T00:00:00Z,0,E:\Webscraping\cloudflare_radar_vulnerabilite\scripts\outputs_regions_world\data\NCL.csv,no_recent_data_30d
NER,NE,NO_COVERAGE,0,2025-09-29T00:00:00Z,2026-03-24T00:00:00Z,0,E:\Webscraping\cloudflare_radar_vulnerabilite\scripts\outputs_regions_world\data\NER.csv,no_recent_data_30d
NFK,NF,NO_COVERAGE,0,2025-09-29T00:00:00Z,2026-03-24T00:00:00Z,0,E:\Webscraping\cloudflare_radar_vulnerabilite\scripts\outputs_regions_world\data\NFK.csv,no_recent_data_30d
NGA,NG,NO_COVERAGE,0,2025-09-29T00:00:00Z,2026-03-24T00:00:00Z,0,E:\Webscraping\cloudflare_radar_vulnerabilite\scripts\outputs_regions_world\data\NGA.csv,no_recent_data_30d
NIC,NI,NO_COVERAGE,0,2025-09-29T00:00:00Z,2026-03-24T00:00:00Z,0,E:\Webscraping\cloudflare_radar_vulnerabilite\scripts\outputs_regions_world\data\NIC.csv,no_recent_data_30d
NIU,NU,NO_COVERAGE,0,2025-09-29T00:00:00Z,2026-03-24T00:00:00Z,0,E:\Webscraping\cloudflare_radar_vulnerabilite\scripts\outputs_regions_world\data\NIU.csv,no_recent_data_30d
NLD,NL,NO_COVERAGE,0,2025-09-29T00:00:00Z,2026-03-24T00:00:00Z,0,E:\Webscraping\cloudflare_radar_vulnerabilite\scripts\outputs_regions_world\data\NLD.csv,no_recent_data_30d
NOR,NO,NO_COVERAGE,0,2025-09-29T00:00:00Z,2026-03-24T00:00:00Z,0,E:\Webscraping\cloudflare_radar_vulnerabilite\scripts\outputs_regions_world\data\NOR.csv,no_recent_data_30d
NPL,NP,NO_COVERAGE,0,2025-09-29T00:00:00Z,2026-03-24T00:00:00Z,0,E:\Webscraping\cloudflare_radar_vulnerabilite\scripts\outputs_regions_world\data\NPL.csv,no_recent_data_30d
NRU,NR,NO_COVERAGE,0,2025-09-29T00:00:00Z,2026-03-24T00:00:00Z,0,E:\Webscraping\cloudflare_radar_vulnerabilite\scripts\outputs_regions_world\data\NRU.csv,no_recent_data_30d
NZL,NZ,NO_COVERAGE,0,2025-09-29T00:00:00Z,2026-03-24T00:00:00Z,0,E:\Webscraping\cloudflare_radar_vulnerabilite\scripts\outputs_regions_world\data\NZL.csv,no_recent_data_30d
OMN,OM,NO_COVERAGE,0,2025-09-29T00:00:00Z,2026-03-24T00:00:00Z,0,E:\Webscraping\cloudflare_radar_vulnerabilite\scripts\outputs_regions_world\data\OMN.csv,no_recent_data_30d
PAK,PK,NO_COVERAGE,0,2025-09-29T00:00:00Z,2026-03-24T00:00:00Z,0,E:\Webscraping\cloudflare_radar_vulnerabilite\scripts\outputs_regions_world\data\PAK.csv,no_recent_data_30d
PAN,PA,NO_COVERAGE,0,2025-09-29T00:00:00Z,2026-03-24T00:00:00Z,0,E:\Webscraping\cloudflare_radar_vulnerabilite\scripts\outputs_regions_world\data\PAN.csv,no_recent_data_30d
PCN,PN,NO_COVERAGE,0,2025-09-29T00:00:00Z,2026-03-24T00:00:00Z,0,E:\Webscraping\cloudflare_radar_vulnerabilite\scripts\outputs_regions_world\data\PCN.csv,no_recent_data_30d
PER,PE,NO_COVERAGE,0,2025-09-29T00:00:00Z,2026-03-24T00:00:00Z,0,E:\Webscraping\cloudflare_radar_vulnerabilite\scripts\outputs_regions_world\data\PER.csv,no_recent_data_30d
PHL,PH,NO_COVERAGE,0,2025-09-29T00:00:00Z,2026-03-24T00:00:00Z,0,E:\Webscraping\cloudflare_radar_vulnerabilite\scripts\outputs_regions_world\data\PHL.csv,no_recent_data_30d
PLW,PW,NO_COVERAGE,0,2025-09-29T00:00:00Z,2026-03-24T00:00:00Z,0,E:\Webscraping\cloudflare_radar_vulnerabilite\scripts\outputs_regions_world\data\PLW.csv,no_recent_data_30d
PNG,PG,NO_COVERAGE,0,2025-09-29T00:00:00Z,2026-03-24T00:00:00Z,0,E:\Webscraping\cloudflare_radar_vulnerabilite\scripts\outputs_regions_world\data\PNG.csv,no_recent_data_30d
POL,PL,NO_COVERAGE,0,2025-09-29T00:00:00Z,2026-03-24T00:00:00Z,0,E:\Webscraping\cloudflare_radar_vulnerabilite\scripts\outputs_regions_world\data\POL.csv,no_recent_data_30d
PRI,PR,NO_COVERAGE,0,2025-09-29T00:00:00Z,2026-03-24T00:00:00Z,0,E:\Webscraping\cloudflare_radar_vulnerabilite\scripts\outputs_regions_world\data\PRI.csv,no_recent_data_30d
PRK,KP,NO_COVERAGE,0,2025-09-29T00:00:00Z,2026-03-24T00:00:00Z,0,E:\Webscraping\cloudflare_radar_vulnerabilite\scripts\outputs_regions_world\data\PRK.csv,no_recent_data_30d
PRT,PT,NO_COVERAGE,0,2025-09-29T00:00:00Z,2026-03-24T00:00:00Z,0,E:\Webscraping\cloudflare_radar_vulnerabilite\scripts\outputs_regions_world\data\PRT.csv,no_recent_data_30d
PRY,PY,NO_COVERAGE,0,2025-09-29T00:00:00Z,2026-03-24T00:00:00Z,0,E:\Webscraping\cloudflare_radar_vulnerabilite\scripts\outputs_regions_world\data\PRY.csv,no_recent_data_30d
PSE,PS,NO_COVERAGE,0,2025-09-29T00:00:00Z,2026-03-24T00:00:00Z,0,E:\Webscraping\cloudflare_radar_vulnerabilite\scripts\outputs_regions_world\data\PSE.csv,no_recent_data_30d
PYF,PF,NO_COVERAGE,0,2025-09-29T00:00:00Z,2026-03-24T00:00:00Z,0,E:\Webscraping\cloudflare_radar_vulnerabilite\scripts\outputs_regions_world\data\PYF.csv,no_recent_data_30d
QAT,QA,NO_COVERAGE,0,2025-09-29T00:00:00Z,2026-03-24T00:00:00Z,0,E:\Webscraping\cloudflare_radar_vulnerabilite\scripts\outputs_regions_world\data\QAT.csv,no_recent_data_30d
REU,RE,NO_COVERAGE,0,2025-09-29T00:00:00Z,2026-03-24T00:00:00Z,0,E:\Webscraping\cloudflare_radar_vulnerabilite\scripts\outputs_regions_world\data\REU.csv,no_recent_data_30d
ROU,RO,NO_COVERAGE,0,2025-09-29T00:00:00Z,2026-03-24T00:00:00Z,0,E:\Webscraping\cloudflare_radar_vulnerabilite\scripts\outputs_regions_world\data\ROU.csv,no_recent_data_30d
RUS,RU,NO_COVERAGE,0,2025-09-29T00:00:00Z,2026-03-24T00:00:00Z,0,E:\Webscraping\cloudflare_radar_vulnerabilite\scripts\outputs_regions_world\data\RUS.csv,no_recent_data_30d
RWA,RW,NO_COVERAGE,0,2025-09-29T00:00:00Z,2026-03-24T00:00:00Z,0,E:\Webscraping\cloudflare_radar_vulnerabilite\scripts\outputs_regions_world\data\RWA.csv,no_recent_data_30d
SAU,SA,NO_COVERAGE,0,2025-09-29T00:00:00Z,2026-03-24T00:00:00Z,0,E:\Webscraping\cloudflare_radar_vulnerabilite\scripts\outputs_regions_world\data\SAU.csv,no_recent_data_30d
SDN,SD,NO_COVERAGE,0,2025-09-29T00:00:00Z,2026-03-24T00:00:00Z,0,E:\Webscraping\cloudflare_radar_vulnerabilite\scripts\outputs_regions_world\data\SDN.csv,no_recent_data_30d
SEN,SN,NO_COVERAGE,0,2025-09-29T00:00:00Z,2026-03-24T00:00:00Z,0,E:\Webscraping\cloudflare_radar_vulnerabilite\scripts\outputs_regions_world\data\SEN.csv,no_recent_data_30d
SGP,SG,NO_COVERAGE,0,2025-09-29T00:00:00Z,2026-03-24T00:00:00Z,0,E:\Webscraping\cloudflare_radar_vulnerabilite\scripts\outputs_regions_world\data\SGP.csv,no_recent_data_30d
SGS,GS,NO_COVERAGE,0,2025-09-29T00:00:00Z,2026-03-24T00:00:00Z,0,E:\Webscraping\cloudflare_radar_vulnerabilite\scripts\outputs_regions_world\data\SGS.csv,no_recent_data_30d
SHN,SH,NO_COVERAGE,0,2025-09-29T00:00:00Z,2026-03-24T00:00:00Z,0,E:\Webscraping\cloudflare_radar_vulnerabilite\scripts\outputs_regions_world\data\SHN.csv,no_recent_data_30d
SJM,SJ,NO_COVERAGE,0,2025-09-29T00:00:00Z,2026-03-24T00:00:00Z,0,E:\Webscraping\cloudflare_radar_vulnerabilite\scripts\outputs_regions_world\data\SJM.csv,no_recent_data_30d
SLB,SB,NO_COVERAGE,0,2025-09-29T00:00:00Z,2026-03-24T00:00:00Z,0,E:\Webscraping\cloudflare_radar_vulnerabilite\scripts\outputs_regions_world\data\SLB.csv,no_recent_data_30d
SLE,SL,NO_COVERAGE,0,2025-09-29T00:00:00Z,2026-03-24T00:00:00Z,0,E:\Webscraping\cloudflare_radar_vulnerabilite\scripts\outputs_regions_world\data\SLE.csv,no_recent_data_30d
SLV,SV,NO_COVERAGE,0,2025-09-29T00:00:00Z,2026-03-24T00:00:00Z,0,E:\Webscraping\cloudflare_radar_vulnerabilite\scripts\outputs_regions_world\data\SLV.csv,no_recent_data_30d
SMR,SM,NO_COVERAGE,0,2025-09-29T00:00:00Z,2026-03-24T00:00:00Z,0,E:\Webscraping\cloudflare_radar_vulnerabilite\scripts\outputs_regions_world\data\SMR.csv,no_recent_data_30d
SOM,SO,NO_COVERAGE,0,2025-09-29T00:00:00Z,2026-03-24T00:00:00Z,0,E:\Webscraping\cloudflare_radar_vulnerabilite\scripts\outputs_regions_world\data\SOM.csv,no_recent_data_30d
SPM,PM,NO_COVERAGE,0,2025-09-29T00:00:00Z,2026-03-24T00:00:00Z,0,E:\Webscraping\cloudflare_radar_vulnerabilite\scripts\outputs_regions_world\data\SPM.csv,no_recent_data_30d
SRB,RS,NO_COVERAGE,0,2025-09-29T00:00:00Z,2026-03-24T00:00:00Z,0,E:\Webscraping\cloudflare_radar_vulnerabilite\scripts\outputs_regions_world\data\SRB.csv,no_recent_data_30d
SSD,SS,NO_COVERAGE,0,2025-09-29T00:00:00Z,2026-03-24T00:00:00Z,0,E:\Webscraping\cloudflare_radar_vulnerabilite\scripts\outputs_regions_world\data\SSD.csv,no_recent_data_30d
STP,ST,NO_COVERAGE,0,2025-09-29T00:00:00Z,2026-03-24T00:00:00Z,0,E:\Webscraping\cloudflare_radar_vulnerabilite\scripts\outputs_regions_world\data\STP.csv,no_recent_data_30d
SUR,SR,NO_COVERAGE,0,2025-09-29T00:00:00Z,2026-03-24T00:00:00Z,0,E:\Webscraping\cloudflare_radar_vulnerabilite\scripts\outputs_regions_world\data\SUR.csv,no_recent_data_30d
SVK,SK,NO_COVERAGE,0,2025-09-29T00:00:00Z,2026-03-24T00:00:00Z,0,E:\Webscraping\cloudflare_radar_vulnerabilite\scripts\outputs_regions_world\data\SVK.csv,no_recent_data_30d
SVN,SI,NO_COVERAGE,0,2025-09-29T00:00:00Z,2026-03-24T00:00:00Z,0,E:\Webscraping\cloudflare_radar_vulnerabilite\scripts\outputs_regions_world\data\SVN.csv,no_recent_data_30d
SWE,SE,NO_COVERAGE,0,2025-09-29T00:00:00Z,2026-03-24T00:00:00Z,0,E:\Webscraping\cloudflare_radar_vulnerabilite\scripts\outputs_regions_world\data\SWE.csv,no_recent_data_30d
SWZ,SZ,NO_COVERAGE,0,2025-09-29T00:00:00Z,2026-03-24T00:00:00Z,0,E:\Webscraping\cloudflare_radar_vulnerabilite\scripts\outputs_regions_world\data\SWZ.csv,no_recent_data_30d
SXM,SX,NO_COVERAGE,0,2025-09-29T00:00:00Z,2026-03-24T00:00:00Z,0,E:\Webscraping\cloudflare_radar_vulnerabilite\scripts\outputs_regions_world\data\SXM.csv,no_recent_data_30d
SYC,SC,NO_COVERAGE,0,2025-09-29T00:00:00Z,2026-03-24T00:00:00Z,0,E:\Webscraping\cloudflare_radar_vulnerabilite\scripts\outputs_regions_world\data\SYC.csv,no_recent_data_30d
SYR,SY,NO_COVERAGE,0,2025-09-29T00:00:00Z,2026-03-24T00:00:00Z,0,E:\Webscraping\cloudflare_radar_vulnerabilite\scripts\outputs_regions_world\data\SYR.csv,no_recent_data_30d
TCA,TC,NO_COVERAGE,0,2025-09-29T00:00:00Z,2026-03-24T00:00:00Z,0,E:\Webscraping\cloudflare_radar_vulnerabilite\scripts\outputs_regions_world\data\TCA.csv,no_recent_data_30d
TCD,TD,NO_COVERAGE,0,2025-09-29T00:00:00Z,2026-03-24T00:00:00Z,0,E:\Webscraping\cloudflare_radar_vulnerabilite\scripts\outputs_regions_world\data\TCD.csv,no_recent_data_30d
TGO,TG,NO_COVERAGE,0,2025-09-29T00:00:00Z,2026-03-24T00:00:00Z,0,E:\Webscraping\cloudflare_radar_vulnerabilite\scripts\outputs_regions_world\data\TGO.csv,no_recent_data_30d
THA,TH,NO_COVERAGE,0,2025-09-29T00:00:00Z,2026-03-24T00:00:00Z,0,E:\Webscraping\cloudflare_radar_vulnerabilite\scripts\outputs_regions_world\data\THA.csv,no_recent_data_30d
TJK,TJ,NO_COVERAGE,0,2025-09-29T00:00:00Z,2026-03-24T00:00:00Z,0,E:\Webscraping\cloudflare_radar_vulnerabilite\scripts\outputs_regions_world\data\TJK.csv,no_recent_data_30d
TKL,TK,NO_COVERAGE,0,2025-09-29T00:00:00Z,2026-03-24T00:00:00Z,0,E:\Webscraping\cloudflare_radar_vulnerabilite\scripts\outputs_regions_world\data\TKL.csv,no_recent_data_30d
TKM,TM,NO_COVERAGE,0,2025-09-29T00:00:00Z,2026-03-24T00:00:00Z,0,E:\Webscraping\cloudflare_radar_vulnerabilite\scripts\outputs_regions_world\data\TKM.csv,no_recent_data_30d
TLS,TL,NO_COVERAGE,0,2025-09-29T00:00:00Z,2026-03-24T00:00:00Z,0,E:\Webscraping\cloudflare_radar_vulnerabilite\scripts\outputs_regions_world\data\TLS.csv,no_recent_data_30d
TON,TO,NO_COVERAGE,0,2025-09-29T00:00:00Z,2026-03-24T00:00:00Z,0,E:\Webscraping\cloudflare_radar_vulnerabilite\scripts\outputs_regions_world\data\TON.csv,no_recent_data_30d
TTO,TT,NO_COVERAGE,0,2025-09-29T00:00:00Z,2026-03-24T00:00:00Z,0,E:\Webscraping\cloudflare_radar_vulnerabilite\scripts\outputs_regions_world\data\TTO.csv,no_recent_data_30d
TUN,TN,NO_COVERAGE,0,2025-09-29T00:00:00Z,2026-03-24T00:00:00Z,0,E:\Webscraping\cloudflare_radar_vulnerabilite\scripts\outputs_regions_world\data\TUN.csv,no_recent_data_30d
TUR,TR,NO_COVERAGE,0,2025-09-29T00:00:00Z,2026-03-24T00:00:00Z,0,E:\Webscraping\cloudflare_radar_vulnerabilite\scripts\outputs_regions_world\data\TUR.csv,no_recent_data_30d
TUV,TV,NO_COVERAGE,0,2025-09-29T00:00:00Z,2026-03-24T00:00:00Z,0,E:\Webscraping\cloudflare_radar_vulnerabilite\scripts\outputs_regions_world\data\TUV.csv,no_recent_data_30d
TWN,TW,NO_COVERAGE,0,2025-09-29T00:00:00Z,2026-03-24T00:00:00Z,0,E:\Webscraping\cloudflare_radar_vulnerabilite\scripts\outputs_regions_world\data\TWN.csv,no_recent_data_30d
TZA,TZ,NO_COVERAGE,0,2025-09-29T00:00:00Z,2026-03-24T00:00:00Z,0,E:\Webscraping\cloudflare_radar_vulnerabilite\scripts\outputs_regions_world\data\TZA.csv,no_recent_data_30d
UGA,UG,NO_COVERAGE,0,2025-09-29T00:00:00Z,2026-03-24T00:00:00Z,0,E:\Webscraping\cloudflare_radar_vulnerabilite\scripts\outputs_regions_world\data\UGA.csv,no_recent_data_30d
UKR,UA,NO_COVERAGE,0,2025-09-29T00:00:00Z,2026-03-24T00:00:00Z,0,E:\Webscraping\cloudflare_radar_vulnerabilite\scripts\outputs_regions_world\data\UKR.csv,no_recent_data_30d
UMI,UM,NO_COVERAGE,0,2025-09-29T00:00:00Z,2026-03-24T00:00:00Z,0,E:\Webscraping\cloudflare_radar_vulnerabilite\scripts\outputs_regions_world\data\UMI.csv,no_recent_data_30d
URY,UY,NO_COVERAGE,0,2025-09-29T00:00:00Z,2026-03-24T00:00:00Z,0,E:\Webscraping\cloudflare_radar_vulnerabilite\scripts\outputs_regions_world\data\URY.csv,no_recent_data_30d
USA,US,NO_COVERAGE,0,2025-09-29T00:00:00Z,2026-03-24T00:00:00Z,0,E:\Webscraping\cloudflare_radar_vulnerabilite\scripts\outputs_regions_world\data\USA.csv,no_recent_data_30d
UZB,UZ,NO_COVERAGE,0,2025-09-29T00:00:00Z,2026-03-24T00:00:00Z,0,E:\Webscraping\cloudflare_radar_vulnerabilite\scripts\outputs_regions_world\data\UZB.csv,no_recent_data_30d
VAT,VA,NO_COVERAGE,0,2025-09-29T00:00:00Z,2026-03-24T00:00:00Z,0,E:\Webscraping\cloudflare_radar_vulnerabilite\scripts\outputs_regions_world\data\VAT.csv,no_recent_data_30d
VCT,VC,NO_COVERAGE,0,2025-09-29T00:00:00Z,2026-03-24T00:00:00Z,0,E:\Webscraping\cloudflare_radar_vulnerabilite\scripts\outputs_regions_world\data\VCT.csv,no_recent_data_30d
VEN,VE,NO_COVERAGE,0,2025-09-29T00:00:00Z,2026-03-24T00:00:00Z,0,E:\Webscraping\cloudflare_radar_vulnerabilite\scripts\outputs_regions_world\data\VEN.csv,no_recent_data_30d
VGB,VG,NO_COVERAGE,0,2025-09-29T00:00:00Z,2026-03-24T00:00:00Z,0,E:\Webscraping\cloudflare_radar_vulnerabilite\scripts\outputs_regions_world\data\VGB.csv,no_recent_data_30d
VIR,VI,NO_COVERAGE,0,2025-09-29T00:00:00Z,2026-03-24T00:00:00Z,0,E:\Webscraping\cloudflare_radar_vulnerabilite\scripts\outputs_regions_world\data\VIR.csv,no_recent_data_30d
VNM,VN,NO_COVERAGE,0,2025-09-29T00:00:00Z,2026-03-24T00:00:00Z,0,E:\Webscraping\cloudflare_radar_vulnerabilite\scripts\outputs_regions_world\data\VNM.csv,no_recent_data_30d
VUT,VU,NO_COVERAGE,0,2025-09-29T00:00:00Z,2026-03-24T00:00:00Z,0,E:\Webscraping\cloudflare_radar_vulnerabilite\scripts\outputs_regions_world\data\VUT.csv,no_recent_data_30d
WLF,WF,NO_COVERAGE,0,2025-09-29T00:00:00Z,2026-03-24T00:00:00Z,0,E:\Webscraping\cloudflare_radar_vulnerabilite\scripts\outputs_regions_world\data\WLF.csv,no_recent_data_30d
WSM,WS,NO_COVERAGE,0,2025-09-29T00:00:00Z,2026-03-24T00:00:00Z,0,E:\Webscraping\cloudflare_radar_vulnerabilite\scripts\outputs_regions_world\data\WSM.csv,no_recent_data_30d
YEM,YE,NO_COVERAGE,0,2025-09-29T00:00:00Z,2026-03-24T00:00:00Z,0,E:\Webscraping\cloudflare_radar_vulnerabilite\scripts\outputs_regions_world\data\YEM.csv,no_recent_data_30d
ZAF,ZA,NO_COVERAGE,0,2025-09-29T00:00:00Z,2026-03-24T00:00:00Z,0,E:\Webscraping\cloudflare_radar_vulnerabilite\scripts\outputs_regions_world\data\ZAF.csv,no_recent_data_30d
ZMB,ZM,NO_COVERAGE,0,2025-09-29T00:00:00Z,2026-03-24T00:00:00Z,0,E:\Webscraping\cloudflare_radar_vulnerabilite\scripts\outputs_regions_world\data\ZMB.csv,no_recent_data_30d
ZWE,ZW,NO_COVERAGE,0,2025-09-29T00:00:00Z,2026-03-24T00:00:00Z,0,E:\Webscraping\cloudflare_radar_vulnerabilite\scripts\outputs_regions_world\data\ZWE.csv,no_recent_data_30d
