country_code,country_name,error
AF,Afghanistan,400 Client Error: Bad Request for url: https://api.cloudflare.com/client/v4/radar/netflows/summary/ADM1?location=AF&product=ALL&dateStart=2025-04-10&dateEnd=2026-04-10&format=JSON&limitPerGroup=500
AX,Aland Islands,400 Client Error: Bad Request for url: https://api.cloudflare.com/client/v4/radar/netflows/summary/ADM1?location=AX&product=ALL&dateStart=2025-04-10&dateEnd=2026-04-10&format=JSON&limitPerGroup=500
AL,Albania,400 Client Error: Bad Request for url: https://api.cloudflare.com/client/v4/radar/netflows/summary/ADM1?location=AL&product=ALL&dateStart=2025-04-10&dateEnd=2026-04-10&format=JSON&limitPerGroup=500
DZ,Algeria,400 Client Error: Bad Request for url: https://api.cloudflare.com/client/v4/radar/netflows/summary/ADM1?location=DZ&product=ALL&dateStart=2025-04-10&dateEnd=2026-04-10&format=JSON&limitPerGroup=500
AS,American Samoa,400 Client Error: Bad Request for url: https://api.cloudflare.com/client/v4/radar/netflows/summary/ADM1?location=AS&product=ALL&dateStart=2025-04-10&dateEnd=2026-04-10&format=JSON&limitPerGroup=500
AD,Andorra,400 Client Error: Bad Request for url: https://api.cloudflare.com/client/v4/radar/netflows/summary/ADM1?location=AD&product=ALL&dateStart=2025-04-10&dateEnd=2026-04-10&format=JSON&limitPerGroup=500
AO,Angola,400 Client Error: Bad Request for url: https://api.cloudflare.com/client/v4/radar/netflows/summary/ADM1?location=AO&product=ALL&dateStart=2025-04-10&dateEnd=2026-04-10&format=JSON&limitPerGroup=500
AI,Anguilla,400 Client Error: Bad Request for url: https://api.cloudflare.com/client/v4/radar/netflows/summary/ADM1?location=AI&product=ALL&dateStart=2025-04-10&dateEnd=2026-04-10&format=JSON&limitPerGroup=500
AQ,Antarctica,400 Client Error: Bad Request for url: https://api.cloudflare.com/client/v4/radar/netflows/summary/ADM1?location=AQ&product=ALL&dateStart=2025-04-10&dateEnd=2026-04-10&format=JSON&limitPerGroup=500
AG,Antigua and Barbuda,400 Client Error: Bad Request for url: https://api.cloudflare.com/client/v4/radar/netflows/summary/ADM1?location=AG&product=ALL&dateStart=2025-04-10&dateEnd=2026-04-10&format=JSON&limitPerGroup=500
AR,Argentina,400 Client Error: Bad Request for url: https://api.cloudflare.com/client/v4/radar/netflows/summary/ADM1?location=AR&product=ALL&dateStart=2025-04-10&dateEnd=2026-04-10&format=JSON&limitPerGroup=500
AM,Armenia,400 Client Error: Bad Request for url: https://api.cloudflare.com/client/v4/radar/netflows/summary/ADM1?location=AM&product=ALL&dateStart=2025-04-10&dateEnd=2026-04-10&format=JSON&limitPerGroup=500
AW,Aruba,400 Client Error: Bad Request for url: https://api.cloudflare.com/client/v4/radar/netflows/summary/ADM1?location=AW&product=ALL&dateStart=2025-04-10&dateEnd=2026-04-10&format=JSON&limitPerGroup=500
AP,Asia/Pacific Region,400 Client Error: Bad Request for url: https://api.cloudflare.com/client/v4/radar/netflows/summary/ADM1?location=AP&product=ALL&dateStart=2025-04-10&dateEnd=2026-04-10&format=JSON&limitPerGroup=500
AU,Australia,400 Client Error: Bad Request for url: https://api.cloudflare.com/client/v4/radar/netflows/summary/ADM1?location=AU&product=ALL&dateStart=2025-04-10&dateEnd=2026-04-10&format=JSON&limitPerGroup=500
AT,Austria,400 Client Error: Bad Request for url: https://api.cloudflare.com/client/v4/radar/netflows/summary/ADM1?location=AT&product=ALL&dateStart=2025-04-10&dateEnd=2026-04-10&format=JSON&limitPerGroup=500
AZ,Azerbaijan,400 Client Error: Bad Request for url: https://api.cloudflare.com/client/v4/radar/netflows/summary/ADM1?location=AZ&product=ALL&dateStart=2025-04-10&dateEnd=2026-04-10&format=JSON&limitPerGroup=500
BS,Bahamas,400 Client Error: Bad Request for url: https://api.cloudflare.com/client/v4/radar/netflows/summary/ADM1?location=BS&product=ALL&dateStart=2025-04-10&dateEnd=2026-04-10&format=JSON&limitPerGroup=500
BH,Bahrain,400 Client Error: Bad Request for url: https://api.cloudflare.com/client/v4/radar/netflows/summary/ADM1?location=BH&product=ALL&dateStart=2025-04-10&dateEnd=2026-04-10&format=JSON&limitPerGroup=500
BD,Bangladesh,400 Client Error: Bad Request for url: https://api.cloudflare.com/client/v4/radar/netflows/summary/ADM1?location=BD&product=ALL&dateStart=2025-04-10&dateEnd=2026-04-10&format=JSON&limitPerGroup=500
BB,Barbados,400 Client Error: Bad Request for url: https://api.cloudflare.com/client/v4/radar/netflows/summary/ADM1?location=BB&product=ALL&dateStart=2025-04-10&dateEnd=2026-04-10&format=JSON&limitPerGroup=500
BY,Belarus,400 Client Error: Bad Request for url: https://api.cloudflare.com/client/v4/radar/netflows/summary/ADM1?location=BY&product=ALL&dateStart=2025-04-10&dateEnd=2026-04-10&format=JSON&limitPerGroup=500
BE,Belgium,400 Client Error: Bad Request for url: https://api.cloudflare.com/client/v4/radar/netflows/summary/ADM1?location=BE&product=ALL&dateStart=2025-04-10&dateEnd=2026-04-10&format=JSON&limitPerGroup=500
BZ,Belize,400 Client Error: Bad Request for url: https://api.cloudflare.com/client/v4/radar/netflows/summary/ADM1?location=BZ&product=ALL&dateStart=2025-04-10&dateEnd=2026-04-10&format=JSON&limitPerGroup=500
BJ,Benin,400 Client Error: Bad Request for url: https://api.cloudflare.com/client/v4/radar/netflows/summary/ADM1?location=BJ&product=ALL&dateStart=2025-04-10&dateEnd=2026-04-10&format=JSON&limitPerGroup=500
BM,Bermuda,400 Client Error: Bad Request for url: https://api.cloudflare.com/client/v4/radar/netflows/summary/ADM1?location=BM&product=ALL&dateStart=2025-04-10&dateEnd=2026-04-10&format=JSON&limitPerGroup=500
BT,Bhutan,400 Client Error: Bad Request for url: https://api.cloudflare.com/client/v4/radar/netflows/summary/ADM1?location=BT&product=ALL&dateStart=2025-04-10&dateEnd=2026-04-10&format=JSON&limitPerGroup=500
BO,Bolivia,400 Client Error: Bad Request for url: https://api.cloudflare.com/client/v4/radar/netflows/summary/ADM1?location=BO&product=ALL&dateStart=2025-04-10&dateEnd=2026-04-10&format=JSON&limitPerGroup=500
BQ,Bonaire,400 Client Error: Bad Request for url: https://api.cloudflare.com/client/v4/radar/netflows/summary/ADM1?location=BQ&product=ALL&dateStart=2025-04-10&dateEnd=2026-04-10&format=JSON&limitPerGroup=500
BA,Bosnia and Herzegovina,400 Client Error: Bad Request for url: https://api.cloudflare.com/client/v4/radar/netflows/summary/ADM1?location=BA&product=ALL&dateStart=2025-04-10&dateEnd=2026-04-10&format=JSON&limitPerGroup=500
BW,Botswana,400 Client Error: Bad Request for url: https://api.cloudflare.com/client/v4/radar/netflows/summary/ADM1?location=BW&product=ALL&dateStart=2025-04-10&dateEnd=2026-04-10&format=JSON&limitPerGroup=500
BV,Bouvet Island,400 Client Error: Bad Request for url: https://api.cloudflare.com/client/v4/radar/netflows/summary/ADM1?location=BV&product=ALL&dateStart=2025-04-10&dateEnd=2026-04-10&format=JSON&limitPerGroup=500
BR,Brazil,400 Client Error: Bad Request for url: https://api.cloudflare.com/client/v4/radar/netflows/summary/ADM1?location=BR&product=ALL&dateStart=2025-04-10&dateEnd=2026-04-10&format=JSON&limitPerGroup=500
IO,British Indian Ocean Territory,400 Client Error: Bad Request for url: https://api.cloudflare.com/client/v4/radar/netflows/summary/ADM1?location=IO&product=ALL&dateStart=2025-04-10&dateEnd=2026-04-10&format=JSON&limitPerGroup=500
BN,Brunei Darussalam,400 Client Error: Bad Request for url: https://api.cloudflare.com/client/v4/radar/netflows/summary/ADM1?location=BN&product=ALL&dateStart=2025-04-10&dateEnd=2026-04-10&format=JSON&limitPerGroup=500
BG,Bulgaria,400 Client Error: Bad Request for url: https://api.cloudflare.com/client/v4/radar/netflows/summary/ADM1?location=BG&product=ALL&dateStart=2025-04-10&dateEnd=2026-04-10&format=JSON&limitPerGroup=500
BF,Burkina Faso,400 Client Error: Bad Request for url: https://api.cloudflare.com/client/v4/radar/netflows/summary/ADM1?location=BF&product=ALL&dateStart=2025-04-10&dateEnd=2026-04-10&format=JSON&limitPerGroup=500
BI,Burundi,400 Client Error: Bad Request for url: https://api.cloudflare.com/client/v4/radar/netflows/summary/ADM1?location=BI&product=ALL&dateStart=2025-04-10&dateEnd=2026-04-10&format=JSON&limitPerGroup=500
KH,Cambodia,400 Client Error: Bad Request for url: https://api.cloudflare.com/client/v4/radar/netflows/summary/ADM1?location=KH&product=ALL&dateStart=2025-04-10&dateEnd=2026-04-10&format=JSON&limitPerGroup=500
CM,Cameroon,400 Client Error: Bad Request for url: https://api.cloudflare.com/client/v4/radar/netflows/summary/ADM1?location=CM&product=ALL&dateStart=2025-04-10&dateEnd=2026-04-10&format=JSON&limitPerGroup=500
CA,Canada,400 Client Error: Bad Request for url: https://api.cloudflare.com/client/v4/radar/netflows/summary/ADM1?location=CA&product=ALL&dateStart=2025-04-10&dateEnd=2026-04-10&format=JSON&limitPerGroup=500
CV,Cape Verde,400 Client Error: Bad Request for url: https://api.cloudflare.com/client/v4/radar/netflows/summary/ADM1?location=CV&product=ALL&dateStart=2025-04-10&dateEnd=2026-04-10&format=JSON&limitPerGroup=500
KY,Cayman Islands,400 Client Error: Bad Request for url: https://api.cloudflare.com/client/v4/radar/netflows/summary/ADM1?location=KY&product=ALL&dateStart=2025-04-10&dateEnd=2026-04-10&format=JSON&limitPerGroup=500
CF,Central African Republic,400 Client Error: Bad Request for url: https://api.cloudflare.com/client/v4/radar/netflows/summary/ADM1?location=CF&product=ALL&dateStart=2025-04-10&dateEnd=2026-04-10&format=JSON&limitPerGroup=500
TD,Chad,400 Client Error: Bad Request for url: https://api.cloudflare.com/client/v4/radar/netflows/summary/ADM1?location=TD&product=ALL&dateStart=2025-04-10&dateEnd=2026-04-10&format=JSON&limitPerGroup=500
CL,Chile,400 Client Error: Bad Request for url: https://api.cloudflare.com/client/v4/radar/netflows/summary/ADM1?location=CL&product=ALL&dateStart=2025-04-10&dateEnd=2026-04-10&format=JSON&limitPerGroup=500
CN,China,400 Client Error: Bad Request for url: https://api.cloudflare.com/client/v4/radar/netflows/summary/ADM1?location=CN&product=ALL&dateStart=2025-04-10&dateEnd=2026-04-10&format=JSON&limitPerGroup=500
CX,Christmas Island,400 Client Error: Bad Request for url: https://api.cloudflare.com/client/v4/radar/netflows/summary/ADM1?location=CX&product=ALL&dateStart=2025-04-10&dateEnd=2026-04-10&format=JSON&limitPerGroup=500
CC,Cocos (Keeling) Islands,400 Client Error: Bad Request for url: https://api.cloudflare.com/client/v4/radar/netflows/summary/ADM1?location=CC&product=ALL&dateStart=2025-04-10&dateEnd=2026-04-10&format=JSON&limitPerGroup=500
CO,Colombia,400 Client Error: Bad Request for url: https://api.cloudflare.com/client/v4/radar/netflows/summary/ADM1?location=CO&product=ALL&dateStart=2025-04-10&dateEnd=2026-04-10&format=JSON&limitPerGroup=500
KM,Comoros,400 Client Error: Bad Request for url: https://api.cloudflare.com/client/v4/radar/netflows/summary/ADM1?location=KM&product=ALL&dateStart=2025-04-10&dateEnd=2026-04-10&format=JSON&limitPerGroup=500
CG,Congo,400 Client Error: Bad Request for url: https://api.cloudflare.com/client/v4/radar/netflows/summary/ADM1?location=CG&product=ALL&dateStart=2025-04-10&dateEnd=2026-04-10&format=JSON&limitPerGroup=500
CD,Congo (Kinchasa),400 Client Error: Bad Request for url: https://api.cloudflare.com/client/v4/radar/netflows/summary/ADM1?location=CD&product=ALL&dateStart=2025-04-10&dateEnd=2026-04-10&format=JSON&limitPerGroup=500
CK,Cook Islands,400 Client Error: Bad Request for url: https://api.cloudflare.com/client/v4/radar/netflows/summary/ADM1?location=CK&product=ALL&dateStart=2025-04-10&dateEnd=2026-04-10&format=JSON&limitPerGroup=500
CR,Costa Rica,400 Client Error: Bad Request for url: https://api.cloudflare.com/client/v4/radar/netflows/summary/ADM1?location=CR&product=ALL&dateStart=2025-04-10&dateEnd=2026-04-10&format=JSON&limitPerGroup=500
HR,Croatia,400 Client Error: Bad Request for url: https://api.cloudflare.com/client/v4/radar/netflows/summary/ADM1?location=HR&product=ALL&dateStart=2025-04-10&dateEnd=2026-04-10&format=JSON&limitPerGroup=500
CU,Cuba,400 Client Error: Bad Request for url: https://api.cloudflare.com/client/v4/radar/netflows/summary/ADM1?location=CU&product=ALL&dateStart=2025-04-10&dateEnd=2026-04-10&format=JSON&limitPerGroup=500
CW,Curaçao,400 Client Error: Bad Request for url: https://api.cloudflare.com/client/v4/radar/netflows/summary/ADM1?location=CW&product=ALL&dateStart=2025-04-10&dateEnd=2026-04-10&format=JSON&limitPerGroup=500
CY,Cyprus,400 Client Error: Bad Request for url: https://api.cloudflare.com/client/v4/radar/netflows/summary/ADM1?location=CY&product=ALL&dateStart=2025-04-10&dateEnd=2026-04-10&format=JSON&limitPerGroup=500
CZ,Czech Republic,400 Client Error: Bad Request for url: https://api.cloudflare.com/client/v4/radar/netflows/summary/ADM1?location=CZ&product=ALL&dateStart=2025-04-10&dateEnd=2026-04-10&format=JSON&limitPerGroup=500
CI,Côte d'Ivoire,400 Client Error: Bad Request for url: https://api.cloudflare.com/client/v4/radar/netflows/summary/ADM1?location=CI&product=ALL&dateStart=2025-04-10&dateEnd=2026-04-10&format=JSON&limitPerGroup=500
DK,Denmark,400 Client Error: Bad Request for url: https://api.cloudflare.com/client/v4/radar/netflows/summary/ADM1?location=DK&product=ALL&dateStart=2025-04-10&dateEnd=2026-04-10&format=JSON&limitPerGroup=500
DJ,Djibouti,400 Client Error: Bad Request for url: https://api.cloudflare.com/client/v4/radar/netflows/summary/ADM1?location=DJ&product=ALL&dateStart=2025-04-10&dateEnd=2026-04-10&format=JSON&limitPerGroup=500
DM,Dominica,400 Client Error: Bad Request for url: https://api.cloudflare.com/client/v4/radar/netflows/summary/ADM1?location=DM&product=ALL&dateStart=2025-04-10&dateEnd=2026-04-10&format=JSON&limitPerGroup=500
DO,Dominican Republic,400 Client Error: Bad Request for url: https://api.cloudflare.com/client/v4/radar/netflows/summary/ADM1?location=DO&product=ALL&dateStart=2025-04-10&dateEnd=2026-04-10&format=JSON&limitPerGroup=500
EC,Ecuador,400 Client Error: Bad Request for url: https://api.cloudflare.com/client/v4/radar/netflows/summary/ADM1?location=EC&product=ALL&dateStart=2025-04-10&dateEnd=2026-04-10&format=JSON&limitPerGroup=500
EG,Egypt,400 Client Error: Bad Request for url: https://api.cloudflare.com/client/v4/radar/netflows/summary/ADM1?location=EG&product=ALL&dateStart=2025-04-10&dateEnd=2026-04-10&format=JSON&limitPerGroup=500
SV,El Salvador,400 Client Error: Bad Request for url: https://api.cloudflare.com/client/v4/radar/netflows/summary/ADM1?location=SV&product=ALL&dateStart=2025-04-10&dateEnd=2026-04-10&format=JSON&limitPerGroup=500
GQ,Equatorial Guinea,400 Client Error: Bad Request for url: https://api.cloudflare.com/client/v4/radar/netflows/summary/ADM1?location=GQ&product=ALL&dateStart=2025-04-10&dateEnd=2026-04-10&format=JSON&limitPerGroup=500
ER,Eritrea,400 Client Error: Bad Request for url: https://api.cloudflare.com/client/v4/radar/netflows/summary/ADM1?location=ER&product=ALL&dateStart=2025-04-10&dateEnd=2026-04-10&format=JSON&limitPerGroup=500
EE,Estonia,400 Client Error: Bad Request for url: https://api.cloudflare.com/client/v4/radar/netflows/summary/ADM1?location=EE&product=ALL&dateStart=2025-04-10&dateEnd=2026-04-10&format=JSON&limitPerGroup=500
ET,Ethiopia,400 Client Error: Bad Request for url: https://api.cloudflare.com/client/v4/radar/netflows/summary/ADM1?location=ET&product=ALL&dateStart=2025-04-10&dateEnd=2026-04-10&format=JSON&limitPerGroup=500
EU,Europe,400 Client Error: Bad Request for url: https://api.cloudflare.com/client/v4/radar/netflows/summary/ADM1?location=EU&product=ALL&dateStart=2025-04-10&dateEnd=2026-04-10&format=JSON&limitPerGroup=500
FK,Falkland Islands,400 Client Error: Bad Request for url: https://api.cloudflare.com/client/v4/radar/netflows/summary/ADM1?location=FK&product=ALL&dateStart=2025-04-10&dateEnd=2026-04-10&format=JSON&limitPerGroup=500
FO,Faroe Islands,400 Client Error: Bad Request for url: https://api.cloudflare.com/client/v4/radar/netflows/summary/ADM1?location=FO&product=ALL&dateStart=2025-04-10&dateEnd=2026-04-10&format=JSON&limitPerGroup=500
FJ,Fiji,400 Client Error: Bad Request for url: https://api.cloudflare.com/client/v4/radar/netflows/summary/ADM1?location=FJ&product=ALL&dateStart=2025-04-10&dateEnd=2026-04-10&format=JSON&limitPerGroup=500
FI,Finland,400 Client Error: Bad Request for url: https://api.cloudflare.com/client/v4/radar/netflows/summary/ADM1?location=FI&product=ALL&dateStart=2025-04-10&dateEnd=2026-04-10&format=JSON&limitPerGroup=500
FR,France,400 Client Error: Bad Request for url: https://api.cloudflare.com/client/v4/radar/netflows/summary/ADM1?location=FR&product=ALL&dateStart=2025-04-10&dateEnd=2026-04-10&format=JSON&limitPerGroup=500
GF,French Guiana,400 Client Error: Bad Request for url: https://api.cloudflare.com/client/v4/radar/netflows/summary/ADM1?location=GF&product=ALL&dateStart=2025-04-10&dateEnd=2026-04-10&format=JSON&limitPerGroup=500
PF,French Polynesia,400 Client Error: Bad Request for url: https://api.cloudflare.com/client/v4/radar/netflows/summary/ADM1?location=PF&product=ALL&dateStart=2025-04-10&dateEnd=2026-04-10&format=JSON&limitPerGroup=500
TF,French Southern Lands,400 Client Error: Bad Request for url: https://api.cloudflare.com/client/v4/radar/netflows/summary/ADM1?location=TF&product=ALL&dateStart=2025-04-10&dateEnd=2026-04-10&format=JSON&limitPerGroup=500
GA,Gabon,400 Client Error: Bad Request for url: https://api.cloudflare.com/client/v4/radar/netflows/summary/ADM1?location=GA&product=ALL&dateStart=2025-04-10&dateEnd=2026-04-10&format=JSON&limitPerGroup=500
GM,Gambia,400 Client Error: Bad Request for url: https://api.cloudflare.com/client/v4/radar/netflows/summary/ADM1?location=GM&product=ALL&dateStart=2025-04-10&dateEnd=2026-04-10&format=JSON&limitPerGroup=500
GE,Georgia,400 Client Error: Bad Request for url: https://api.cloudflare.com/client/v4/radar/netflows/summary/ADM1?location=GE&product=ALL&dateStart=2025-04-10&dateEnd=2026-04-10&format=JSON&limitPerGroup=500
DE,Germany,400 Client Error: Bad Request for url: https://api.cloudflare.com/client/v4/radar/netflows/summary/ADM1?location=DE&product=ALL&dateStart=2025-04-10&dateEnd=2026-04-10&format=JSON&limitPerGroup=500
GH,Ghana,400 Client Error: Bad Request for url: https://api.cloudflare.com/client/v4/radar/netflows/summary/ADM1?location=GH&product=ALL&dateStart=2025-04-10&dateEnd=2026-04-10&format=JSON&limitPerGroup=500
GI,Gibraltar,400 Client Error: Bad Request for url: https://api.cloudflare.com/client/v4/radar/netflows/summary/ADM1?location=GI&product=ALL&dateStart=2025-04-10&dateEnd=2026-04-10&format=JSON&limitPerGroup=500
GR,Greece,400 Client Error: Bad Request for url: https://api.cloudflare.com/client/v4/radar/netflows/summary/ADM1?location=GR&product=ALL&dateStart=2025-04-10&dateEnd=2026-04-10&format=JSON&limitPerGroup=500
GL,Greenland,400 Client Error: Bad Request for url: https://api.cloudflare.com/client/v4/radar/netflows/summary/ADM1?location=GL&product=ALL&dateStart=2025-04-10&dateEnd=2026-04-10&format=JSON&limitPerGroup=500
GD,Grenada,400 Client Error: Bad Request for url: https://api.cloudflare.com/client/v4/radar/netflows/summary/ADM1?location=GD&product=ALL&dateStart=2025-04-10&dateEnd=2026-04-10&format=JSON&limitPerGroup=500
GP,Guadeloupe,400 Client Error: Bad Request for url: https://api.cloudflare.com/client/v4/radar/netflows/summary/ADM1?location=GP&product=ALL&dateStart=2025-04-10&dateEnd=2026-04-10&format=JSON&limitPerGroup=500
GU,Guam,400 Client Error: Bad Request for url: https://api.cloudflare.com/client/v4/radar/netflows/summary/ADM1?location=GU&product=ALL&dateStart=2025-04-10&dateEnd=2026-04-10&format=JSON&limitPerGroup=500
GT,Guatemala,400 Client Error: Bad Request for url: https://api.cloudflare.com/client/v4/radar/netflows/summary/ADM1?location=GT&product=ALL&dateStart=2025-04-10&dateEnd=2026-04-10&format=JSON&limitPerGroup=500
GG,Guernsey,400 Client Error: Bad Request for url: https://api.cloudflare.com/client/v4/radar/netflows/summary/ADM1?location=GG&product=ALL&dateStart=2025-04-10&dateEnd=2026-04-10&format=JSON&limitPerGroup=500
GN,Guinea,400 Client Error: Bad Request for url: https://api.cloudflare.com/client/v4/radar/netflows/summary/ADM1?location=GN&product=ALL&dateStart=2025-04-10&dateEnd=2026-04-10&format=JSON&limitPerGroup=500
GW,Guinea-Bissau,400 Client Error: Bad Request for url: https://api.cloudflare.com/client/v4/radar/netflows/summary/ADM1?location=GW&product=ALL&dateStart=2025-04-10&dateEnd=2026-04-10&format=JSON&limitPerGroup=500
GY,Guyana,400 Client Error: Bad Request for url: https://api.cloudflare.com/client/v4/radar/netflows/summary/ADM1?location=GY&product=ALL&dateStart=2025-04-10&dateEnd=2026-04-10&format=JSON&limitPerGroup=500
HT,Haiti,400 Client Error: Bad Request for url: https://api.cloudflare.com/client/v4/radar/netflows/summary/ADM1?location=HT&product=ALL&dateStart=2025-04-10&dateEnd=2026-04-10&format=JSON&limitPerGroup=500
HM,Heard Island and McDonald Mcdonald Islands,400 Client Error: Bad Request for url: https://api.cloudflare.com/client/v4/radar/netflows/summary/ADM1?location=HM&product=ALL&dateStart=2025-04-10&dateEnd=2026-04-10&format=JSON&limitPerGroup=500
HN,Honduras,400 Client Error: Bad Request for url: https://api.cloudflare.com/client/v4/radar/netflows/summary/ADM1?location=HN&product=ALL&dateStart=2025-04-10&dateEnd=2026-04-10&format=JSON&limitPerGroup=500
HK,Hong Kong,400 Client Error: Bad Request for url: https://api.cloudflare.com/client/v4/radar/netflows/summary/ADM1?location=HK&product=ALL&dateStart=2025-04-10&dateEnd=2026-04-10&format=JSON&limitPerGroup=500
HU,Hungary,400 Client Error: Bad Request for url: https://api.cloudflare.com/client/v4/radar/netflows/summary/ADM1?location=HU&product=ALL&dateStart=2025-04-10&dateEnd=2026-04-10&format=JSON&limitPerGroup=500
IS,Iceland,400 Client Error: Bad Request for url: https://api.cloudflare.com/client/v4/radar/netflows/summary/ADM1?location=IS&product=ALL&dateStart=2025-04-10&dateEnd=2026-04-10&format=JSON&limitPerGroup=500
IN,India,400 Client Error: Bad Request for url: https://api.cloudflare.com/client/v4/radar/netflows/summary/ADM1?location=IN&product=ALL&dateStart=2025-04-10&dateEnd=2026-04-10&format=JSON&limitPerGroup=500
ID,Indonesia,400 Client Error: Bad Request for url: https://api.cloudflare.com/client/v4/radar/netflows/summary/ADM1?location=ID&product=ALL&dateStart=2025-04-10&dateEnd=2026-04-10&format=JSON&limitPerGroup=500
IR,Iran,400 Client Error: Bad Request for url: https://api.cloudflare.com/client/v4/radar/netflows/summary/ADM1?location=IR&product=ALL&dateStart=2025-04-10&dateEnd=2026-04-10&format=JSON&limitPerGroup=500
IQ,Iraq,400 Client Error: Bad Request for url: https://api.cloudflare.com/client/v4/radar/netflows/summary/ADM1?location=IQ&product=ALL&dateStart=2025-04-10&dateEnd=2026-04-10&format=JSON&limitPerGroup=500
IE,Ireland,400 Client Error: Bad Request for url: https://api.cloudflare.com/client/v4/radar/netflows/summary/ADM1?location=IE&product=ALL&dateStart=2025-04-10&dateEnd=2026-04-10&format=JSON&limitPerGroup=500
IM,Isle of Man,400 Client Error: Bad Request for url: https://api.cloudflare.com/client/v4/radar/netflows/summary/ADM1?location=IM&product=ALL&dateStart=2025-04-10&dateEnd=2026-04-10&format=JSON&limitPerGroup=500
IL,Israel,400 Client Error: Bad Request for url: https://api.cloudflare.com/client/v4/radar/netflows/summary/ADM1?location=IL&product=ALL&dateStart=2025-04-10&dateEnd=2026-04-10&format=JSON&limitPerGroup=500
IT,Italy,400 Client Error: Bad Request for url: https://api.cloudflare.com/client/v4/radar/netflows/summary/ADM1?location=IT&product=ALL&dateStart=2025-04-10&dateEnd=2026-04-10&format=JSON&limitPerGroup=500
JM,Jamaica,400 Client Error: Bad Request for url: https://api.cloudflare.com/client/v4/radar/netflows/summary/ADM1?location=JM&product=ALL&dateStart=2025-04-10&dateEnd=2026-04-10&format=JSON&limitPerGroup=500
JP,Japan,400 Client Error: Bad Request for url: https://api.cloudflare.com/client/v4/radar/netflows/summary/ADM1?location=JP&product=ALL&dateStart=2025-04-10&dateEnd=2026-04-10&format=JSON&limitPerGroup=500
JE,Jersey,400 Client Error: Bad Request for url: https://api.cloudflare.com/client/v4/radar/netflows/summary/ADM1?location=JE&product=ALL&dateStart=2025-04-10&dateEnd=2026-04-10&format=JSON&limitPerGroup=500
JO,Jordan,400 Client Error: Bad Request for url: https://api.cloudflare.com/client/v4/radar/netflows/summary/ADM1?location=JO&product=ALL&dateStart=2025-04-10&dateEnd=2026-04-10&format=JSON&limitPerGroup=500
KZ,Kazakhstan,400 Client Error: Bad Request for url: https://api.cloudflare.com/client/v4/radar/netflows/summary/ADM1?location=KZ&product=ALL&dateStart=2025-04-10&dateEnd=2026-04-10&format=JSON&limitPerGroup=500
KE,Kenya,400 Client Error: Bad Request for url: https://api.cloudflare.com/client/v4/radar/netflows/summary/ADM1?location=KE&product=ALL&dateStart=2025-04-10&dateEnd=2026-04-10&format=JSON&limitPerGroup=500
KI,Kiribati,400 Client Error: Bad Request for url: https://api.cloudflare.com/client/v4/radar/netflows/summary/ADM1?location=KI&product=ALL&dateStart=2025-04-10&dateEnd=2026-04-10&format=JSON&limitPerGroup=500
KP,"Korea, North",400 Client Error: Bad Request for url: https://api.cloudflare.com/client/v4/radar/netflows/summary/ADM1?location=KP&product=ALL&dateStart=2025-04-10&dateEnd=2026-04-10&format=JSON&limitPerGroup=500
KR,"Korea, South",400 Client Error: Bad Request for url: https://api.cloudflare.com/client/v4/radar/netflows/summary/ADM1?location=KR&product=ALL&dateStart=2025-04-10&dateEnd=2026-04-10&format=JSON&limitPerGroup=500
XK,Kosovo,400 Client Error: Bad Request for url: https://api.cloudflare.com/client/v4/radar/netflows/summary/ADM1?location=XK&product=ALL&dateStart=2025-04-10&dateEnd=2026-04-10&format=JSON&limitPerGroup=500
KW,Kuwait,400 Client Error: Bad Request for url: https://api.cloudflare.com/client/v4/radar/netflows/summary/ADM1?location=KW&product=ALL&dateStart=2025-04-10&dateEnd=2026-04-10&format=JSON&limitPerGroup=500
KG,Kyrgyzstan,400 Client Error: Bad Request for url: https://api.cloudflare.com/client/v4/radar/netflows/summary/ADM1?location=KG&product=ALL&dateStart=2025-04-10&dateEnd=2026-04-10&format=JSON&limitPerGroup=500
LA,Lao People's Democratic Republic,400 Client Error: Bad Request for url: https://api.cloudflare.com/client/v4/radar/netflows/summary/ADM1?location=LA&product=ALL&dateStart=2025-04-10&dateEnd=2026-04-10&format=JSON&limitPerGroup=500
LV,Latvia,400 Client Error: Bad Request for url: https://api.cloudflare.com/client/v4/radar/netflows/summary/ADM1?location=LV&product=ALL&dateStart=2025-04-10&dateEnd=2026-04-10&format=JSON&limitPerGroup=500
LB,Lebanon,400 Client Error: Bad Request for url: https://api.cloudflare.com/client/v4/radar/netflows/summary/ADM1?location=LB&product=ALL&dateStart=2025-04-10&dateEnd=2026-04-10&format=JSON&limitPerGroup=500
LS,Lesotho,400 Client Error: Bad Request for url: https://api.cloudflare.com/client/v4/radar/netflows/summary/ADM1?location=LS&product=ALL&dateStart=2025-04-10&dateEnd=2026-04-10&format=JSON&limitPerGroup=500
LR,Liberia,400 Client Error: Bad Request for url: https://api.cloudflare.com/client/v4/radar/netflows/summary/ADM1?location=LR&product=ALL&dateStart=2025-04-10&dateEnd=2026-04-10&format=JSON&limitPerGroup=500
LY,Libya,400 Client Error: Bad Request for url: https://api.cloudflare.com/client/v4/radar/netflows/summary/ADM1?location=LY&product=ALL&dateStart=2025-04-10&dateEnd=2026-04-10&format=JSON&limitPerGroup=500
LI,Liechtenstein,400 Client Error: Bad Request for url: https://api.cloudflare.com/client/v4/radar/netflows/summary/ADM1?location=LI&product=ALL&dateStart=2025-04-10&dateEnd=2026-04-10&format=JSON&limitPerGroup=500
LT,Lithuania,400 Client Error: Bad Request for url: https://api.cloudflare.com/client/v4/radar/netflows/summary/ADM1?location=LT&product=ALL&dateStart=2025-04-10&dateEnd=2026-04-10&format=JSON&limitPerGroup=500
LU,Luxembourg,400 Client Error: Bad Request for url: https://api.cloudflare.com/client/v4/radar/netflows/summary/ADM1?location=LU&product=ALL&dateStart=2025-04-10&dateEnd=2026-04-10&format=JSON&limitPerGroup=500
MO,Macao,400 Client Error: Bad Request for url: https://api.cloudflare.com/client/v4/radar/netflows/summary/ADM1?location=MO&product=ALL&dateStart=2025-04-10&dateEnd=2026-04-10&format=JSON&limitPerGroup=500
MK,"Macedonia, the Former Yugoslav Republic of",400 Client Error: Bad Request for url: https://api.cloudflare.com/client/v4/radar/netflows/summary/ADM1?location=MK&product=ALL&dateStart=2025-04-10&dateEnd=2026-04-10&format=JSON&limitPerGroup=500
MG,Madagascar,400 Client Error: Bad Request for url: https://api.cloudflare.com/client/v4/radar/netflows/summary/ADM1?location=MG&product=ALL&dateStart=2025-04-10&dateEnd=2026-04-10&format=JSON&limitPerGroup=500
MW,Malawi,400 Client Error: Bad Request for url: https://api.cloudflare.com/client/v4/radar/netflows/summary/ADM1?location=MW&product=ALL&dateStart=2025-04-10&dateEnd=2026-04-10&format=JSON&limitPerGroup=500
MY,Malaysia,400 Client Error: Bad Request for url: https://api.cloudflare.com/client/v4/radar/netflows/summary/ADM1?location=MY&product=ALL&dateStart=2025-04-10&dateEnd=2026-04-10&format=JSON&limitPerGroup=500
MV,Maldives,400 Client Error: Bad Request for url: https://api.cloudflare.com/client/v4/radar/netflows/summary/ADM1?location=MV&product=ALL&dateStart=2025-04-10&dateEnd=2026-04-10&format=JSON&limitPerGroup=500
ML,Mali,400 Client Error: Bad Request for url: https://api.cloudflare.com/client/v4/radar/netflows/summary/ADM1?location=ML&product=ALL&dateStart=2025-04-10&dateEnd=2026-04-10&format=JSON&limitPerGroup=500
MT,Malta,400 Client Error: Bad Request for url: https://api.cloudflare.com/client/v4/radar/netflows/summary/ADM1?location=MT&product=ALL&dateStart=2025-04-10&dateEnd=2026-04-10&format=JSON&limitPerGroup=500
MH,Marshall Islands,400 Client Error: Bad Request for url: https://api.cloudflare.com/client/v4/radar/netflows/summary/ADM1?location=MH&product=ALL&dateStart=2025-04-10&dateEnd=2026-04-10&format=JSON&limitPerGroup=500
MQ,Martinique,400 Client Error: Bad Request for url: https://api.cloudflare.com/client/v4/radar/netflows/summary/ADM1?location=MQ&product=ALL&dateStart=2025-04-10&dateEnd=2026-04-10&format=JSON&limitPerGroup=500
MR,Mauritania,400 Client Error: Bad Request for url: https://api.cloudflare.com/client/v4/radar/netflows/summary/ADM1?location=MR&product=ALL&dateStart=2025-04-10&dateEnd=2026-04-10&format=JSON&limitPerGroup=500
MU,Mauritius,400 Client Error: Bad Request for url: https://api.cloudflare.com/client/v4/radar/netflows/summary/ADM1?location=MU&product=ALL&dateStart=2025-04-10&dateEnd=2026-04-10&format=JSON&limitPerGroup=500
YT,Mayotte,400 Client Error: Bad Request for url: https://api.cloudflare.com/client/v4/radar/netflows/summary/ADM1?location=YT&product=ALL&dateStart=2025-04-10&dateEnd=2026-04-10&format=JSON&limitPerGroup=500
MX,Mexico,400 Client Error: Bad Request for url: https://api.cloudflare.com/client/v4/radar/netflows/summary/ADM1?location=MX&product=ALL&dateStart=2025-04-10&dateEnd=2026-04-10&format=JSON&limitPerGroup=500
FM,Micronesia,400 Client Error: Bad Request for url: https://api.cloudflare.com/client/v4/radar/netflows/summary/ADM1?location=FM&product=ALL&dateStart=2025-04-10&dateEnd=2026-04-10&format=JSON&limitPerGroup=500
MD,Moldova,400 Client Error: Bad Request for url: https://api.cloudflare.com/client/v4/radar/netflows/summary/ADM1?location=MD&product=ALL&dateStart=2025-04-10&dateEnd=2026-04-10&format=JSON&limitPerGroup=500
MC,Monaco,400 Client Error: Bad Request for url: https://api.cloudflare.com/client/v4/radar/netflows/summary/ADM1?location=MC&product=ALL&dateStart=2025-04-10&dateEnd=2026-04-10&format=JSON&limitPerGroup=500
MN,Mongolia,400 Client Error: Bad Request for url: https://api.cloudflare.com/client/v4/radar/netflows/summary/ADM1?location=MN&product=ALL&dateStart=2025-04-10&dateEnd=2026-04-10&format=JSON&limitPerGroup=500
ME,Montenegro,400 Client Error: Bad Request for url: https://api.cloudflare.com/client/v4/radar/netflows/summary/ADM1?location=ME&product=ALL&dateStart=2025-04-10&dateEnd=2026-04-10&format=JSON&limitPerGroup=500
MS,Montserrat,400 Client Error: Bad Request for url: https://api.cloudflare.com/client/v4/radar/netflows/summary/ADM1?location=MS&product=ALL&dateStart=2025-04-10&dateEnd=2026-04-10&format=JSON&limitPerGroup=500
MA,Morocco,400 Client Error: Bad Request for url: https://api.cloudflare.com/client/v4/radar/netflows/summary/ADM1?location=MA&product=ALL&dateStart=2025-04-10&dateEnd=2026-04-10&format=JSON&limitPerGroup=500
MZ,Mozambique,400 Client Error: Bad Request for url: https://api.cloudflare.com/client/v4/radar/netflows/summary/ADM1?location=MZ&product=ALL&dateStart=2025-04-10&dateEnd=2026-04-10&format=JSON&limitPerGroup=500
MM,Myanmar,400 Client Error: Bad Request for url: https://api.cloudflare.com/client/v4/radar/netflows/summary/ADM1?location=MM&product=ALL&dateStart=2025-04-10&dateEnd=2026-04-10&format=JSON&limitPerGroup=500
NA,Namibia,400 Client Error: Bad Request for url: https://api.cloudflare.com/client/v4/radar/netflows/summary/ADM1?location=NA&product=ALL&dateStart=2025-04-10&dateEnd=2026-04-10&format=JSON&limitPerGroup=500
NR,Nauru,400 Client Error: Bad Request for url: https://api.cloudflare.com/client/v4/radar/netflows/summary/ADM1?location=NR&product=ALL&dateStart=2025-04-10&dateEnd=2026-04-10&format=JSON&limitPerGroup=500
NP,Nepal,400 Client Error: Bad Request for url: https://api.cloudflare.com/client/v4/radar/netflows/summary/ADM1?location=NP&product=ALL&dateStart=2025-04-10&dateEnd=2026-04-10&format=JSON&limitPerGroup=500
NL,Netherlands,400 Client Error: Bad Request for url: https://api.cloudflare.com/client/v4/radar/netflows/summary/ADM1?location=NL&product=ALL&dateStart=2025-04-10&dateEnd=2026-04-10&format=JSON&limitPerGroup=500
AN,Netherlands Antilles,400 Client Error: Bad Request for url: https://api.cloudflare.com/client/v4/radar/netflows/summary/ADM1?location=AN&product=ALL&dateStart=2025-04-10&dateEnd=2026-04-10&format=JSON&limitPerGroup=500
NC,New Caledonia,400 Client Error: Bad Request for url: https://api.cloudflare.com/client/v4/radar/netflows/summary/ADM1?location=NC&product=ALL&dateStart=2025-04-10&dateEnd=2026-04-10&format=JSON&limitPerGroup=500
NZ,New Zealand,400 Client Error: Bad Request for url: https://api.cloudflare.com/client/v4/radar/netflows/summary/ADM1?location=NZ&product=ALL&dateStart=2025-04-10&dateEnd=2026-04-10&format=JSON&limitPerGroup=500
NI,Nicaragua,400 Client Error: Bad Request for url: https://api.cloudflare.com/client/v4/radar/netflows/summary/ADM1?location=NI&product=ALL&dateStart=2025-04-10&dateEnd=2026-04-10&format=JSON&limitPerGroup=500
NE,Niger,400 Client Error: Bad Request for url: https://api.cloudflare.com/client/v4/radar/netflows/summary/ADM1?location=NE&product=ALL&dateStart=2025-04-10&dateEnd=2026-04-10&format=JSON&limitPerGroup=500
NG,Nigeria,400 Client Error: Bad Request for url: https://api.cloudflare.com/client/v4/radar/netflows/summary/ADM1?location=NG&product=ALL&dateStart=2025-04-10&dateEnd=2026-04-10&format=JSON&limitPerGroup=500
NU,Niue,400 Client Error: Bad Request for url: https://api.cloudflare.com/client/v4/radar/netflows/summary/ADM1?location=NU&product=ALL&dateStart=2025-04-10&dateEnd=2026-04-10&format=JSON&limitPerGroup=500
NF,Norfolk Island,400 Client Error: Bad Request for url: https://api.cloudflare.com/client/v4/radar/netflows/summary/ADM1?location=NF&product=ALL&dateStart=2025-04-10&dateEnd=2026-04-10&format=JSON&limitPerGroup=500
MP,Northern Mariana Islands,400 Client Error: Bad Request for url: https://api.cloudflare.com/client/v4/radar/netflows/summary/ADM1?location=MP&product=ALL&dateStart=2025-04-10&dateEnd=2026-04-10&format=JSON&limitPerGroup=500
NO,Norway,400 Client Error: Bad Request for url: https://api.cloudflare.com/client/v4/radar/netflows/summary/ADM1?location=NO&product=ALL&dateStart=2025-04-10&dateEnd=2026-04-10&format=JSON&limitPerGroup=500
OM,Oman,400 Client Error: Bad Request for url: https://api.cloudflare.com/client/v4/radar/netflows/summary/ADM1?location=OM&product=ALL&dateStart=2025-04-10&dateEnd=2026-04-10&format=JSON&limitPerGroup=500
PK,Pakistan,400 Client Error: Bad Request for url: https://api.cloudflare.com/client/v4/radar/netflows/summary/ADM1?location=PK&product=ALL&dateStart=2025-04-10&dateEnd=2026-04-10&format=JSON&limitPerGroup=500
PW,Palau,400 Client Error: Bad Request for url: https://api.cloudflare.com/client/v4/radar/netflows/summary/ADM1?location=PW&product=ALL&dateStart=2025-04-10&dateEnd=2026-04-10&format=JSON&limitPerGroup=500
PS,Palestine,400 Client Error: Bad Request for url: https://api.cloudflare.com/client/v4/radar/netflows/summary/ADM1?location=PS&product=ALL&dateStart=2025-04-10&dateEnd=2026-04-10&format=JSON&limitPerGroup=500
PA,Panama,400 Client Error: Bad Request for url: https://api.cloudflare.com/client/v4/radar/netflows/summary/ADM1?location=PA&product=ALL&dateStart=2025-04-10&dateEnd=2026-04-10&format=JSON&limitPerGroup=500
PG,Papua New Guinea,400 Client Error: Bad Request for url: https://api.cloudflare.com/client/v4/radar/netflows/summary/ADM1?location=PG&product=ALL&dateStart=2025-04-10&dateEnd=2026-04-10&format=JSON&limitPerGroup=500
PY,Paraguay,400 Client Error: Bad Request for url: https://api.cloudflare.com/client/v4/radar/netflows/summary/ADM1?location=PY&product=ALL&dateStart=2025-04-10&dateEnd=2026-04-10&format=JSON&limitPerGroup=500
PE,Peru,400 Client Error: Bad Request for url: https://api.cloudflare.com/client/v4/radar/netflows/summary/ADM1?location=PE&product=ALL&dateStart=2025-04-10&dateEnd=2026-04-10&format=JSON&limitPerGroup=500
PH,Philippines,400 Client Error: Bad Request for url: https://api.cloudflare.com/client/v4/radar/netflows/summary/ADM1?location=PH&product=ALL&dateStart=2025-04-10&dateEnd=2026-04-10&format=JSON&limitPerGroup=500
PN,Pitcairn,400 Client Error: Bad Request for url: https://api.cloudflare.com/client/v4/radar/netflows/summary/ADM1?location=PN&product=ALL&dateStart=2025-04-10&dateEnd=2026-04-10&format=JSON&limitPerGroup=500
PL,Poland,400 Client Error: Bad Request for url: https://api.cloudflare.com/client/v4/radar/netflows/summary/ADM1?location=PL&product=ALL&dateStart=2025-04-10&dateEnd=2026-04-10&format=JSON&limitPerGroup=500
PT,Portugal,400 Client Error: Bad Request for url: https://api.cloudflare.com/client/v4/radar/netflows/summary/ADM1?location=PT&product=ALL&dateStart=2025-04-10&dateEnd=2026-04-10&format=JSON&limitPerGroup=500
PR,Puerto Rico,400 Client Error: Bad Request for url: https://api.cloudflare.com/client/v4/radar/netflows/summary/ADM1?location=PR&product=ALL&dateStart=2025-04-10&dateEnd=2026-04-10&format=JSON&limitPerGroup=500
QA,Qatar,400 Client Error: Bad Request for url: https://api.cloudflare.com/client/v4/radar/netflows/summary/ADM1?location=QA&product=ALL&dateStart=2025-04-10&dateEnd=2026-04-10&format=JSON&limitPerGroup=500
RE,Reunion,400 Client Error: Bad Request for url: https://api.cloudflare.com/client/v4/radar/netflows/summary/ADM1?location=RE&product=ALL&dateStart=2025-04-10&dateEnd=2026-04-10&format=JSON&limitPerGroup=500
RO,Romania,400 Client Error: Bad Request for url: https://api.cloudflare.com/client/v4/radar/netflows/summary/ADM1?location=RO&product=ALL&dateStart=2025-04-10&dateEnd=2026-04-10&format=JSON&limitPerGroup=500
RU,Russian Federation,400 Client Error: Bad Request for url: https://api.cloudflare.com/client/v4/radar/netflows/summary/ADM1?location=RU&product=ALL&dateStart=2025-04-10&dateEnd=2026-04-10&format=JSON&limitPerGroup=500
RW,Rwanda,400 Client Error: Bad Request for url: https://api.cloudflare.com/client/v4/radar/netflows/summary/ADM1?location=RW&product=ALL&dateStart=2025-04-10&dateEnd=2026-04-10&format=JSON&limitPerGroup=500
BL,Saint Barthelemy,400 Client Error: Bad Request for url: https://api.cloudflare.com/client/v4/radar/netflows/summary/ADM1?location=BL&product=ALL&dateStart=2025-04-10&dateEnd=2026-04-10&format=JSON&limitPerGroup=500
SH,Saint Helena,400 Client Error: Bad Request for url: https://api.cloudflare.com/client/v4/radar/netflows/summary/ADM1?location=SH&product=ALL&dateStart=2025-04-10&dateEnd=2026-04-10&format=JSON&limitPerGroup=500
KN,Saint Kitts and Nevis,400 Client Error: Bad Request for url: https://api.cloudflare.com/client/v4/radar/netflows/summary/ADM1?location=KN&product=ALL&dateStart=2025-04-10&dateEnd=2026-04-10&format=JSON&limitPerGroup=500
LC,Saint Lucia,400 Client Error: Bad Request for url: https://api.cloudflare.com/client/v4/radar/netflows/summary/ADM1?location=LC&product=ALL&dateStart=2025-04-10&dateEnd=2026-04-10&format=JSON&limitPerGroup=500
MF,Saint Martin (French part),400 Client Error: Bad Request for url: https://api.cloudflare.com/client/v4/radar/netflows/summary/ADM1?location=MF&product=ALL&dateStart=2025-04-10&dateEnd=2026-04-10&format=JSON&limitPerGroup=500
PM,Saint Pierre and Miquelon,400 Client Error: Bad Request for url: https://api.cloudflare.com/client/v4/radar/netflows/summary/ADM1?location=PM&product=ALL&dateStart=2025-04-10&dateEnd=2026-04-10&format=JSON&limitPerGroup=500
VC,Saint Vincent and the Grenadines,400 Client Error: Bad Request for url: https://api.cloudflare.com/client/v4/radar/netflows/summary/ADM1?location=VC&product=ALL&dateStart=2025-04-10&dateEnd=2026-04-10&format=JSON&limitPerGroup=500
WS,Samoa,400 Client Error: Bad Request for url: https://api.cloudflare.com/client/v4/radar/netflows/summary/ADM1?location=WS&product=ALL&dateStart=2025-04-10&dateEnd=2026-04-10&format=JSON&limitPerGroup=500
SM,San Marino,400 Client Error: Bad Request for url: https://api.cloudflare.com/client/v4/radar/netflows/summary/ADM1?location=SM&product=ALL&dateStart=2025-04-10&dateEnd=2026-04-10&format=JSON&limitPerGroup=500
ST,Sao Tome and Principe,400 Client Error: Bad Request for url: https://api.cloudflare.com/client/v4/radar/netflows/summary/ADM1?location=ST&product=ALL&dateStart=2025-04-10&dateEnd=2026-04-10&format=JSON&limitPerGroup=500
SA,Saudi Arabia,400 Client Error: Bad Request for url: https://api.cloudflare.com/client/v4/radar/netflows/summary/ADM1?location=SA&product=ALL&dateStart=2025-04-10&dateEnd=2026-04-10&format=JSON&limitPerGroup=500
SN,Senegal,400 Client Error: Bad Request for url: https://api.cloudflare.com/client/v4/radar/netflows/summary/ADM1?location=SN&product=ALL&dateStart=2025-04-10&dateEnd=2026-04-10&format=JSON&limitPerGroup=500
RS,Serbia,400 Client Error: Bad Request for url: https://api.cloudflare.com/client/v4/radar/netflows/summary/ADM1?location=RS&product=ALL&dateStart=2025-04-10&dateEnd=2026-04-10&format=JSON&limitPerGroup=500
SC,Seychelles,400 Client Error: Bad Request for url: https://api.cloudflare.com/client/v4/radar/netflows/summary/ADM1?location=SC&product=ALL&dateStart=2025-04-10&dateEnd=2026-04-10&format=JSON&limitPerGroup=500
SL,Sierra Leone,400 Client Error: Bad Request for url: https://api.cloudflare.com/client/v4/radar/netflows/summary/ADM1?location=SL&product=ALL&dateStart=2025-04-10&dateEnd=2026-04-10&format=JSON&limitPerGroup=500
SG,Singapore,400 Client Error: Bad Request for url: https://api.cloudflare.com/client/v4/radar/netflows/summary/ADM1?location=SG&product=ALL&dateStart=2025-04-10&dateEnd=2026-04-10&format=JSON&limitPerGroup=500
SX,Sint Maarten (Dutch part),400 Client Error: Bad Request for url: https://api.cloudflare.com/client/v4/radar/netflows/summary/ADM1?location=SX&product=ALL&dateStart=2025-04-10&dateEnd=2026-04-10&format=JSON&limitPerGroup=500
SK,Slovakia,400 Client Error: Bad Request for url: https://api.cloudflare.com/client/v4/radar/netflows/summary/ADM1?location=SK&product=ALL&dateStart=2025-04-10&dateEnd=2026-04-10&format=JSON&limitPerGroup=500
SI,Slovenia,400 Client Error: Bad Request for url: https://api.cloudflare.com/client/v4/radar/netflows/summary/ADM1?location=SI&product=ALL&dateStart=2025-04-10&dateEnd=2026-04-10&format=JSON&limitPerGroup=500
SB,Solomon Islands,400 Client Error: Bad Request for url: https://api.cloudflare.com/client/v4/radar/netflows/summary/ADM1?location=SB&product=ALL&dateStart=2025-04-10&dateEnd=2026-04-10&format=JSON&limitPerGroup=500
SO,Somalia,400 Client Error: Bad Request for url: https://api.cloudflare.com/client/v4/radar/netflows/summary/ADM1?location=SO&product=ALL&dateStart=2025-04-10&dateEnd=2026-04-10&format=JSON&limitPerGroup=500
ZA,South Africa,400 Client Error: Bad Request for url: https://api.cloudflare.com/client/v4/radar/netflows/summary/ADM1?location=ZA&product=ALL&dateStart=2025-04-10&dateEnd=2026-04-10&format=JSON&limitPerGroup=500
GS,South Georgia and the South Sandwich Islands,400 Client Error: Bad Request for url: https://api.cloudflare.com/client/v4/radar/netflows/summary/ADM1?location=GS&product=ALL&dateStart=2025-04-10&dateEnd=2026-04-10&format=JSON&limitPerGroup=500
SS,South Sudan,400 Client Error: Bad Request for url: https://api.cloudflare.com/client/v4/radar/netflows/summary/ADM1?location=SS&product=ALL&dateStart=2025-04-10&dateEnd=2026-04-10&format=JSON&limitPerGroup=500
ES,Spain,400 Client Error: Bad Request for url: https://api.cloudflare.com/client/v4/radar/netflows/summary/ADM1?location=ES&product=ALL&dateStart=2025-04-10&dateEnd=2026-04-10&format=JSON&limitPerGroup=500
LK,Sri Lanka,400 Client Error: Bad Request for url: https://api.cloudflare.com/client/v4/radar/netflows/summary/ADM1?location=LK&product=ALL&dateStart=2025-04-10&dateEnd=2026-04-10&format=JSON&limitPerGroup=500
SD,Sudan,400 Client Error: Bad Request for url: https://api.cloudflare.com/client/v4/radar/netflows/summary/ADM1?location=SD&product=ALL&dateStart=2025-04-10&dateEnd=2026-04-10&format=JSON&limitPerGroup=500
SR,Suriname,400 Client Error: Bad Request for url: https://api.cloudflare.com/client/v4/radar/netflows/summary/ADM1?location=SR&product=ALL&dateStart=2025-04-10&dateEnd=2026-04-10&format=JSON&limitPerGroup=500
SJ,Svalbard and Jan Mayen Islands,400 Client Error: Bad Request for url: https://api.cloudflare.com/client/v4/radar/netflows/summary/ADM1?location=SJ&product=ALL&dateStart=2025-04-10&dateEnd=2026-04-10&format=JSON&limitPerGroup=500
SZ,Swaziland,400 Client Error: Bad Request for url: https://api.cloudflare.com/client/v4/radar/netflows/summary/ADM1?location=SZ&product=ALL&dateStart=2025-04-10&dateEnd=2026-04-10&format=JSON&limitPerGroup=500
SE,Sweden,400 Client Error: Bad Request for url: https://api.cloudflare.com/client/v4/radar/netflows/summary/ADM1?location=SE&product=ALL&dateStart=2025-04-10&dateEnd=2026-04-10&format=JSON&limitPerGroup=500
CH,Switzerland,400 Client Error: Bad Request for url: https://api.cloudflare.com/client/v4/radar/netflows/summary/ADM1?location=CH&product=ALL&dateStart=2025-04-10&dateEnd=2026-04-10&format=JSON&limitPerGroup=500
SY,Syria,400 Client Error: Bad Request for url: https://api.cloudflare.com/client/v4/radar/netflows/summary/ADM1?location=SY&product=ALL&dateStart=2025-04-10&dateEnd=2026-04-10&format=JSON&limitPerGroup=500
TW,Taiwan,400 Client Error: Bad Request for url: https://api.cloudflare.com/client/v4/radar/netflows/summary/ADM1?location=TW&product=ALL&dateStart=2025-04-10&dateEnd=2026-04-10&format=JSON&limitPerGroup=500
TJ,Tajikistan,400 Client Error: Bad Request for url: https://api.cloudflare.com/client/v4/radar/netflows/summary/ADM1?location=TJ&product=ALL&dateStart=2025-04-10&dateEnd=2026-04-10&format=JSON&limitPerGroup=500
TZ,Tanzania,400 Client Error: Bad Request for url: https://api.cloudflare.com/client/v4/radar/netflows/summary/ADM1?location=TZ&product=ALL&dateStart=2025-04-10&dateEnd=2026-04-10&format=JSON&limitPerGroup=500
TH,Thailand,400 Client Error: Bad Request for url: https://api.cloudflare.com/client/v4/radar/netflows/summary/ADM1?location=TH&product=ALL&dateStart=2025-04-10&dateEnd=2026-04-10&format=JSON&limitPerGroup=500
TL,Timor-Leste,400 Client Error: Bad Request for url: https://api.cloudflare.com/client/v4/radar/netflows/summary/ADM1?location=TL&product=ALL&dateStart=2025-04-10&dateEnd=2026-04-10&format=JSON&limitPerGroup=500
TG,Togo,400 Client Error: Bad Request for url: https://api.cloudflare.com/client/v4/radar/netflows/summary/ADM1?location=TG&product=ALL&dateStart=2025-04-10&dateEnd=2026-04-10&format=JSON&limitPerGroup=500
TK,Tokelau,400 Client Error: Bad Request for url: https://api.cloudflare.com/client/v4/radar/netflows/summary/ADM1?location=TK&product=ALL&dateStart=2025-04-10&dateEnd=2026-04-10&format=JSON&limitPerGroup=500
TO,Tonga,400 Client Error: Bad Request for url: https://api.cloudflare.com/client/v4/radar/netflows/summary/ADM1?location=TO&product=ALL&dateStart=2025-04-10&dateEnd=2026-04-10&format=JSON&limitPerGroup=500
TT,Trinidad and Tobago,400 Client Error: Bad Request for url: https://api.cloudflare.com/client/v4/radar/netflows/summary/ADM1?location=TT&product=ALL&dateStart=2025-04-10&dateEnd=2026-04-10&format=JSON&limitPerGroup=500
TN,Tunisia,400 Client Error: Bad Request for url: https://api.cloudflare.com/client/v4/radar/netflows/summary/ADM1?location=TN&product=ALL&dateStart=2025-04-10&dateEnd=2026-04-10&format=JSON&limitPerGroup=500
TR,Turkey,400 Client Error: Bad Request for url: https://api.cloudflare.com/client/v4/radar/netflows/summary/ADM1?location=TR&product=ALL&dateStart=2025-04-10&dateEnd=2026-04-10&format=JSON&limitPerGroup=500
TM,Turkmenistan,400 Client Error: Bad Request for url: https://api.cloudflare.com/client/v4/radar/netflows/summary/ADM1?location=TM&product=ALL&dateStart=2025-04-10&dateEnd=2026-04-10&format=JSON&limitPerGroup=500
TC,Turks and Caicos Islands,400 Client Error: Bad Request for url: https://api.cloudflare.com/client/v4/radar/netflows/summary/ADM1?location=TC&product=ALL&dateStart=2025-04-10&dateEnd=2026-04-10&format=JSON&limitPerGroup=500
TV,Tuvalu,400 Client Error: Bad Request for url: https://api.cloudflare.com/client/v4/radar/netflows/summary/ADM1?location=TV&product=ALL&dateStart=2025-04-10&dateEnd=2026-04-10&format=JSON&limitPerGroup=500
UG,Uganda,400 Client Error: Bad Request for url: https://api.cloudflare.com/client/v4/radar/netflows/summary/ADM1?location=UG&product=ALL&dateStart=2025-04-10&dateEnd=2026-04-10&format=JSON&limitPerGroup=500
UA,Ukraine,400 Client Error: Bad Request for url: https://api.cloudflare.com/client/v4/radar/netflows/summary/ADM1?location=UA&product=ALL&dateStart=2025-04-10&dateEnd=2026-04-10&format=JSON&limitPerGroup=500
AE,United Arab Emirates,400 Client Error: Bad Request for url: https://api.cloudflare.com/client/v4/radar/netflows/summary/ADM1?location=AE&product=ALL&dateStart=2025-04-10&dateEnd=2026-04-10&format=JSON&limitPerGroup=500
GB,United Kingdom,400 Client Error: Bad Request for url: https://api.cloudflare.com/client/v4/radar/netflows/summary/ADM1?location=GB&product=ALL&dateStart=2025-04-10&dateEnd=2026-04-10&format=JSON&limitPerGroup=500
US,United States,400 Client Error: Bad Request for url: https://api.cloudflare.com/client/v4/radar/netflows/summary/ADM1?location=US&product=ALL&dateStart=2025-04-10&dateEnd=2026-04-10&format=JSON&limitPerGroup=500
UM,United States Minor Outlying Islands,400 Client Error: Bad Request for url: https://api.cloudflare.com/client/v4/radar/netflows/summary/ADM1?location=UM&product=ALL&dateStart=2025-04-10&dateEnd=2026-04-10&format=JSON&limitPerGroup=500
UY,Uruguay,400 Client Error: Bad Request for url: https://api.cloudflare.com/client/v4/radar/netflows/summary/ADM1?location=UY&product=ALL&dateStart=2025-04-10&dateEnd=2026-04-10&format=JSON&limitPerGroup=500
UZ,Uzbekistan,400 Client Error: Bad Request for url: https://api.cloudflare.com/client/v4/radar/netflows/summary/ADM1?location=UZ&product=ALL&dateStart=2025-04-10&dateEnd=2026-04-10&format=JSON&limitPerGroup=500
VU,Vanuatu,400 Client Error: Bad Request for url: https://api.cloudflare.com/client/v4/radar/netflows/summary/ADM1?location=VU&product=ALL&dateStart=2025-04-10&dateEnd=2026-04-10&format=JSON&limitPerGroup=500
VA,Vatican City,400 Client Error: Bad Request for url: https://api.cloudflare.com/client/v4/radar/netflows/summary/ADM1?location=VA&product=ALL&dateStart=2025-04-10&dateEnd=2026-04-10&format=JSON&limitPerGroup=500
VE,Venezuela,400 Client Error: Bad Request for url: https://api.cloudflare.com/client/v4/radar/netflows/summary/ADM1?location=VE&product=ALL&dateStart=2025-04-10&dateEnd=2026-04-10&format=JSON&limitPerGroup=500
VN,Vietnam,400 Client Error: Bad Request for url: https://api.cloudflare.com/client/v4/radar/netflows/summary/ADM1?location=VN&product=ALL&dateStart=2025-04-10&dateEnd=2026-04-10&format=JSON&limitPerGroup=500
VG,"Virgin Islands, British",400 Client Error: Bad Request for url: https://api.cloudflare.com/client/v4/radar/netflows/summary/ADM1?location=VG&product=ALL&dateStart=2025-04-10&dateEnd=2026-04-10&format=JSON&limitPerGroup=500
VI,"Virgin Islands, U. S.",400 Client Error: Bad Request for url: https://api.cloudflare.com/client/v4/radar/netflows/summary/ADM1?location=VI&product=ALL&dateStart=2025-04-10&dateEnd=2026-04-10&format=JSON&limitPerGroup=500
WF,Wallis and Futuna Island,400 Client Error: Bad Request for url: https://api.cloudflare.com/client/v4/radar/netflows/summary/ADM1?location=WF&product=ALL&dateStart=2025-04-10&dateEnd=2026-04-10&format=JSON&limitPerGroup=500
EH,Western Sahara,400 Client Error: Bad Request for url: https://api.cloudflare.com/client/v4/radar/netflows/summary/ADM1?location=EH&product=ALL&dateStart=2025-04-10&dateEnd=2026-04-10&format=JSON&limitPerGroup=500
YE,Yemen,400 Client Error: Bad Request for url: https://api.cloudflare.com/client/v4/radar/netflows/summary/ADM1?location=YE&product=ALL&dateStart=2025-04-10&dateEnd=2026-04-10&format=JSON&limitPerGroup=500
ZM,Zambia,400 Client Error: Bad Request for url: https://api.cloudflare.com/client/v4/radar/netflows/summary/ADM1?location=ZM&product=ALL&dateStart=2025-04-10&dateEnd=2026-04-10&format=JSON&limitPerGroup=500
ZW,Zimbabwe,400 Client Error: Bad Request for url: https://api.cloudflare.com/client/v4/radar/netflows/summary/ADM1?location=ZW&product=ALL&dateStart=2025-04-10&dateEnd=2026-04-10&format=JSON&limitPerGroup=500
