geo_id,error
1559971,404 Not Found
1559970,404 Not Found
1559975,404 Not Found
1559972,404 Not Found
1559977,404 Not Found
1559978,404 Not Found
1559976,404 Not Found
1564676,404 Not Found
1565088,404 Not Found
1566557,404 Not Found
1562412,404 Not Found
1568733,404 Not Found
1566338,404 Not Found
1568769,404 Not Found
1568839,404 Not Found
1569805,404 Not Found
1572594,404 Not Found
1575788,404 Not Found
1579008,404 Not Found
1580578,404 Not Found
1577882,404 Not Found
1579634,404 Not Found
1581088,404 Not Found
1581188,404 Not Found
1581030,404 Not Found
1581297,404 Not Found
1582720,404 Not Found
1582562,404 Not Found
1584169,404 Not Found
1581882,404 Not Found
1584534,404 Not Found
1587974,404 Not Found
1594446,404 Not Found
1587871,404 Not Found
1905412,404 Not Found
1905468,404 Not Found
1905419,404 Not Found
1905480,404 Not Found
1905475,404 Not Found
1905516,404 Not Found
1905497,404 Not Found
1904987,404 Not Found
1905626,404 Not Found
1905637,404 Not Found
1905577,404 Not Found
1905675,404 Not Found
1905669,404 Not Found
1905678,404 Not Found
1905686,404 Not Found
1905699,404 Not Found
1905856,404 Not Found
428218,404 Not Found
7506719,404 Not Found
